ISO-10303-21;
HEADER;
FILE_DESCRIPTION((''),'2;1');
FILE_NAME('C-2199248-6','2015-06-26T',('workeradm'),('Tyco Electronics Ltd.'),
'PRO/ENGINEER BY PARAMETRIC TECHNOLOGY CORPORATION, 2014090',
'PRO/ENGINEER BY PARAMETRIC TECHNOLOGY CORPORATION, 2014090','');
FILE_SCHEMA(('AUTOMOTIVE_DESIGN { 1 0 10303 214 1 1 1 1 }'));
ENDSEC;
DATA;
#134=DIRECTION('',(1.E0,0.E0,0.E0));
#135=VECTOR('',#134,6.16E-1);
#136=CARTESIAN_POINT('',(-3.08E-1,1.4E0,0.E0));
#137=LINE('',#136,#135);
#138=DIRECTION('',(8.452928750537E-2,-9.964209951390E-1,0.E0));
#139=VECTOR('',#138,2.011137263983E-1);
#140=CARTESIAN_POINT('',(-3.25E-1,1.600393939394E0,0.E0));
#141=LINE('',#140,#139);
#142=DIRECTION('',(0.E0,-1.E0,0.E0));
#143=VECTOR('',#142,5.E-2);
#144=CARTESIAN_POINT('',(-3.25E-1,1.650393939394E0,0.E0));
#145=LINE('',#144,#143);
#146=DIRECTION('',(0.E0,-1.E0,0.E0));
#147=VECTOR('',#146,2.5E-2);
#148=CARTESIAN_POINT('',(-3.25E-1,1.675393939394E0,0.E0));
#149=LINE('',#148,#147);
#150=CARTESIAN_POINT('',(-4.E-1,1.675393939394E0,0.E0));
#151=DIRECTION('',(0.E0,0.E0,-1.E0));
#152=DIRECTION('',(-1.E0,0.E0,0.E0));
#153=AXIS2_PLACEMENT_3D('',#150,#151,#152);
#155=DIRECTION('',(0.E0,1.E0,0.E0));
#156=VECTOR('',#155,2.5E-2);
#157=CARTESIAN_POINT('',(-4.75E-1,1.650393939394E0,0.E0));
#158=LINE('',#157,#156);
#159=DIRECTION('',(0.E0,1.E0,0.E0));
#160=VECTOR('',#159,5.6E-2);
#161=CARTESIAN_POINT('',(-4.75E-1,1.594393939394E0,0.E0));
#162=LINE('',#161,#160);
#163=DIRECTION('',(-8.452928750537E-2,9.964209951390E-1,0.E0));
#164=VECTOR('',#163,5.915109599951E-1);
#165=CARTESIAN_POINT('',(-4.25E-1,1.005E0,0.E0));
#166=LINE('',#165,#164);
#167=DIRECTION('',(0.E0,1.E0,0.E0));
#168=VECTOR('',#167,1.955E0);
#169=CARTESIAN_POINT('',(-4.25E-1,-9.5E-1,0.E0));
#170=LINE('',#169,#168);
#171=DIRECTION('',(1.E0,0.E0,0.E0));
#172=VECTOR('',#171,2.5E-1);
#173=CARTESIAN_POINT('',(-6.75E-1,-9.5E-1,0.E0));
#174=LINE('',#173,#172);
#175=DIRECTION('',(0.E0,-1.E0,0.E0));
#176=VECTOR('',#175,5.E-2);
#177=CARTESIAN_POINT('',(-6.75E-1,-9.E-1,0.E0));
#178=LINE('',#177,#176);
#179=DIRECTION('',(1.E0,0.E0,0.E0));
#180=VECTOR('',#179,1.45E-1);
#181=CARTESIAN_POINT('',(-8.2E-1,-9.E-1,0.E0));
#182=LINE('',#181,#180);
#183=DIRECTION('',(0.E0,1.E0,0.E0));
#184=VECTOR('',#183,1.25E0);
#185=CARTESIAN_POINT('',(-8.2E-1,-9.E-1,0.E0));
#186=LINE('',#185,#184);
#187=DIRECTION('',(-1.E0,0.E0,0.E0));
#188=VECTOR('',#187,7.E-2);
#189=CARTESIAN_POINT('',(-7.5E-1,3.5E-1,0.E0));
#190=LINE('',#189,#188);
#191=DIRECTION('',(0.E0,-1.E0,0.E0));
#192=VECTOR('',#191,1.85E0);
#193=CARTESIAN_POINT('',(-7.5E-1,2.2E0,0.E0));
#194=LINE('',#193,#192);
#195=CARTESIAN_POINT('',(0.E0,2.2E0,0.E0));
#196=DIRECTION('',(0.E0,0.E0,1.E0));
#197=DIRECTION('',(1.E0,0.E0,0.E0));
#198=AXIS2_PLACEMENT_3D('',#195,#196,#197);
#200=DIRECTION('',(0.E0,1.E0,0.E0));
#201=VECTOR('',#200,1.85E0);
#202=CARTESIAN_POINT('',(7.5E-1,3.5E-1,0.E0));
#203=LINE('',#202,#201);
#204=DIRECTION('',(-1.E0,0.E0,0.E0));
#205=VECTOR('',#204,7.E-2);
#206=CARTESIAN_POINT('',(8.2E-1,3.5E-1,0.E0));
#207=LINE('',#206,#205);
#208=DIRECTION('',(0.E0,-1.E0,0.E0));
#209=VECTOR('',#208,1.25E0);
#210=CARTESIAN_POINT('',(8.2E-1,3.5E-1,0.E0));
#211=LINE('',#210,#209);
#212=DIRECTION('',(1.E0,0.E0,0.E0));
#213=VECTOR('',#212,1.45E-1);
#214=CARTESIAN_POINT('',(6.75E-1,-9.E-1,0.E0));
#215=LINE('',#214,#213);
#216=DIRECTION('',(0.E0,1.E0,0.E0));
#217=VECTOR('',#216,5.E-2);
#218=CARTESIAN_POINT('',(6.75E-1,-9.5E-1,0.E0));
#219=LINE('',#218,#217);
#220=DIRECTION('',(1.E0,0.E0,0.E0));
#221=VECTOR('',#220,2.5E-1);
#222=CARTESIAN_POINT('',(4.25E-1,-9.5E-1,0.E0));
#223=LINE('',#222,#221);
#224=DIRECTION('',(0.E0,-1.E0,0.E0));
#225=VECTOR('',#224,1.955E0);
#226=CARTESIAN_POINT('',(4.25E-1,1.005E0,0.E0));
#227=LINE('',#226,#225);
#228=DIRECTION('',(-8.452928750537E-2,-9.964209951390E-1,0.E0));
#229=VECTOR('',#228,5.915109599951E-1);
#230=CARTESIAN_POINT('',(4.75E-1,1.594393939394E0,0.E0));
#231=LINE('',#230,#229);
#232=DIRECTION('',(0.E0,-1.E0,0.E0));
#233=VECTOR('',#232,5.6E-2);
#234=CARTESIAN_POINT('',(4.75E-1,1.650393939394E0,0.E0));
#235=LINE('',#234,#233);
#236=DIRECTION('',(0.E0,-1.E0,0.E0));
#237=VECTOR('',#236,2.5E-2);
#238=CARTESIAN_POINT('',(4.75E-1,1.675393939394E0,0.E0));
#239=LINE('',#238,#237);
#240=CARTESIAN_POINT('',(4.E-1,1.675393939394E0,0.E0));
#241=DIRECTION('',(0.E0,0.E0,-1.E0));
#242=DIRECTION('',(-1.E0,0.E0,0.E0));
#243=AXIS2_PLACEMENT_3D('',#240,#241,#242);
#245=DIRECTION('',(0.E0,1.E0,0.E0));
#246=VECTOR('',#245,2.5E-2);
#247=CARTESIAN_POINT('',(3.25E-1,1.650393939394E0,0.E0));
#248=LINE('',#247,#246);
#249=DIRECTION('',(0.E0,1.E0,0.E0));
#250=VECTOR('',#249,5.E-2);
#251=CARTESIAN_POINT('',(3.25E-1,1.600393939394E0,0.E0));
#252=LINE('',#251,#250);
#253=DIRECTION('',(8.452928750537E-2,9.964209951390E-1,0.E0));
#254=VECTOR('',#253,2.011137263983E-1);
#255=CARTESIAN_POINT('',(3.08E-1,1.4E0,0.E0));
#256=LINE('',#255,#254);
#257=DIRECTION('',(-1.717150512087E-2,-2.024156209702E-1,-9.791491489038E-1));
#258=VECTOR('',#257,1.000147462906E-1);
#259=CARTESIAN_POINT('',(1.847435076355E-1,-5.293259181178E-2,
-1.440650831222E0));
#260=LINE('',#259,#258);
#261=DIRECTION('',(-8.279110811386E-2,-9.759315471603E-1,2.017504589204E-1));
#262=VECTOR('',#261,1.045940954473E-1);
#263=CARTESIAN_POINT('',(1.934029686998E-1,4.914408558196E-2,
-1.461752737979E0));
#264=LINE('',#263,#262);
#265=CARTESIAN_POINT('',(2.245765405694E-1,4.166143721663E-1,
-1.304795355767E0));
#266=CARTESIAN_POINT('',(2.227479655473E-1,3.950593514511E-1,
-1.339207028276E0));
#267=CARTESIAN_POINT('',(2.185512935546E-1,3.455894906894E-1,
-1.393068484881E0));
#268=CARTESIAN_POINT('',(2.112237791155E-1,2.592136386649E-1,
-1.445227457848E0));
#269=CARTESIAN_POINT('',(2.029624645891E-1,1.618302643992E-1,
-1.471490519169E0));
#270=CARTESIAN_POINT('',(1.967681250990E-1,8.881214131897E-2,
-1.469953157847E0));
#271=CARTESIAN_POINT('',(1.934029686998E-1,4.914408558196E-2,
-1.461752737979E0));
#273=DIRECTION('',(-4.498743427860E-2,-5.303064222538E-1,-8.466116165476E-1));
#274=VECTOR('',#273,1.374949853156E0);
#275=CARTESIAN_POINT('',(2.864320067246E-1,1.145759109572E0,
-1.407468379144E-1));
#276=LINE('',#275,#274);
#277=CARTESIAN_POINT('',(3.08E-1,1.4E0,0.E0));
#278=CARTESIAN_POINT('',(3.033097138456E-1,1.344711475331E0,0.E0));
#279=CARTESIAN_POINT('',(2.952415697978E-1,1.249605171252E0,
-2.809977077333E-2));
#280=CARTESIAN_POINT('',(2.889282295883E-1,1.175184282116E0,
-9.377080321161E-2));
#281=CARTESIAN_POINT('',(2.864320067246E-1,1.145759109572E0,
-1.407468379144E-1));
#283=CARTESIAN_POINT('',(2.936213378164E-1,1.230506073048E0,
-1.938312252763E-1));
#284=CARTESIAN_POINT('',(2.952854863922E-1,1.250122854744E0,
-1.625138688077E-1));
#285=CARTESIAN_POINT('',(2.994943798652E-1,1.299736780835E0,
-1.187331805156E-1));
#286=CARTESIAN_POINT('',(3.048731425637E-1,1.363140983554E0,-1.E-1));
#287=CARTESIAN_POINT('',(3.08E-1,1.4E0,-1.E-1));
#289=DIRECTION('',(4.498743427860E-2,5.303064222538E-1,8.466116165476E-1));
#290=VECTOR('',#289,1.374949853156E0);
#291=CARTESIAN_POINT('',(2.317658716612E-1,5.013613356423E-1,
-1.357879743128E0));
#292=LINE('',#291,#290);
#293=CARTESIAN_POINT('',(1.916855649717E-1,2.889953860538E-2,
-1.559682091687E0));
#294=CARTESIAN_POINT('',(1.960121946279E-1,7.990132455296E-2,
-1.570225488661E0));
#295=CARTESIAN_POINT('',(2.039763454009E-1,1.737817685133E-1,
-1.572202096074E0));
#296=CARTESIAN_POINT('',(2.145980355062E-1,2.989889639977E-1,
-1.538435302948E0));
#297=CARTESIAN_POINT('',(2.240191254994E-1,4.100436308864E-1,
-1.471373766275E0));
#298=CARTESIAN_POINT('',(2.294148466327E-1,4.736477375799E-1,
-1.402123322070E0));
#299=CARTESIAN_POINT('',(2.317658716612E-1,5.013613356423E-1,
-1.357879743128E0));
#301=DIRECTION('',(8.279110811386E-2,9.759315471603E-1,-2.017504589204E-1));
#302=VECTOR('',#301,1.045940954473E-1);
#303=CARTESIAN_POINT('',(1.830261039074E-1,-7.317713878836E-2,
-1.538580184930E0));
#304=LINE('',#303,#302);
#305=DIRECTION('',(0.E0,-9.792935370824E-1,2.024454697658E-1));
#306=VECTOR('',#305,2.765022236502E-2);
#307=CARTESIAN_POINT('',(1.E-1,2.889953860538E-2,-1.559682091687E0));
#308=LINE('',#307,#306);
#309=DIRECTION('',(1.E0,-1.940796447114E-7,-4.542360563497E-8));
#310=VECTOR('',#309,9.750312359200E-2);
#311=CARTESIAN_POINT('',(-4.875154750809E-2,-2.789944346111E-2,
-1.547940249025E0));
#312=LINE('',#311,#310);
#313=DIRECTION('',(0.E0,-9.792935370824E-1,2.024454697658E-1));
#314=VECTOR('',#313,2.765014055880E-2);
#315=CARTESIAN_POINT('',(-1.E-1,2.889953860538E-2,-1.559682091687E0));
#316=LINE('',#315,#314);
#317=CARTESIAN_POINT('',(-8.335461519973E-2,-1.63E-1,-1.520011461003E0));
#318=CARTESIAN_POINT('',(-1.140362201584E-1,-1.63E-1,-1.520011461003E0));
#319=CARTESIAN_POINT('',(-1.549066046250E-1,-1.411951581316E-1,
-1.524519089501E0));
#320=CARTESIAN_POINT('',(-1.804859398342E-1,-1.031202849851E-1,
-1.532390157049E0));
#321=CARTESIAN_POINT('',(-1.830261039074E-1,-7.317713878836E-2,
-1.538580184930E0));
#323=DIRECTION('',(1.E0,0.E0,0.E0));
#324=VECTOR('',#323,1.667092303995E-1);
#325=CARTESIAN_POINT('',(-8.335461519973E-2,-1.63E-1,-1.520011461003E0));
#326=LINE('',#325,#324);
#327=CARTESIAN_POINT('',(1.830261039074E-1,-7.317713878836E-2,
-1.538580184930E0));
#328=CARTESIAN_POINT('',(1.804859398342E-1,-1.031202849851E-1,
-1.532390157049E0));
#329=CARTESIAN_POINT('',(1.549066046250E-1,-1.411951581316E-1,
-1.524519089501E0));
#330=CARTESIAN_POINT('',(1.140362201584E-1,-1.63E-1,-1.520011461003E0));
#331=CARTESIAN_POINT('',(8.335461519973E-2,-1.63E-1,-1.520011461003E0));
#333=CARTESIAN_POINT('',(1.000000054664E-1,5.783585848121E-1,
-1.238724559055E0));
#334=CARTESIAN_POINT('',(1.000000054664E-1,5.802451420074E-1,
-1.235712747373E0));
#335=CARTESIAN_POINT('',(9.999999726680E-2,5.837837212156E-1,
-1.229449943330E0));
#336=CARTESIAN_POINT('',(1.E-1,5.868379612893E-1,-1.222693694317E0));
#337=CARTESIAN_POINT('',(1.E-1,5.882350767754E-1,-1.219189515498E0));
#339=DIRECTION('',(3.853537067095E-8,5.308440597547E-1,8.474695181676E-1));
#340=VECTOR('',#339,1.418539183334E-1);
#341=CARTESIAN_POINT('',(1.E-1,5.030562749118E-1,-1.358941430876E0));
#342=LINE('',#341,#340);
#343=CARTESIAN_POINT('',(1.E-1,1.2E-1,-1.119E0));
#344=DIRECTION('',(1.E0,0.E0,0.E0));
#345=DIRECTION('',(0.E0,-2.024454697658E-1,-9.792935370824E-1));
#346=AXIS2_PLACEMENT_3D('',#343,#344,#345);
#348=DIRECTION('',(-8.256731875313E-7,9.792944899137E-1,-2.024408605594E-1));
#349=VECTOR('',#348,6.610429955166E-3);
#350=CARTESIAN_POINT('',(1.000000054581E-1,2.202109003479E-2,
-1.560302457632E0));
#351=LINE('',#350,#349);
#352=CARTESIAN_POINT('',(1.E-1,1.821854544423E-3,-1.554084429431E0));
#353=CARTESIAN_POINT('',(1.E-1,5.160967997238E-3,-1.555461258715E0));
#354=CARTESIAN_POINT('',(9.999999727097E-2,1.187004491107E-2,
-1.557867207919E0));
#355=CARTESIAN_POINT('',(1.000000054581E-1,1.862881896889E-2,
-1.559601160044E0));
#356=CARTESIAN_POINT('',(1.000000054581E-1,2.202109003479E-2,
-1.560302457632E0));
#358=CARTESIAN_POINT('',(1.E-1,5.882350767754E-1,-1.219189515498E0));
#359=CARTESIAN_POINT('',(9.869958571196E-2,5.899914427695E-1,
-1.216385551995E0));
#360=CARTESIAN_POINT('',(9.553142660373E-2,5.931282150429E-1,
-1.211377828661E0));
#361=CARTESIAN_POINT('',(8.949450352632E-2,5.968458723494E-1,
-1.205442747109E0));
#362=CARTESIAN_POINT('',(8.283617303690E-2,5.995639809738E-1,
-1.201103402470E0));
#363=CARTESIAN_POINT('',(7.604079372782E-2,6.014463992088E-1,
-1.198098201892E0));
#364=CARTESIAN_POINT('',(6.939051922728E-2,6.026710086953E-1,
-1.196143165158E0));
#365=CARTESIAN_POINT('',(6.312049623392E-2,6.033919790726E-1,
-1.194992166084E0));
#366=CARTESIAN_POINT('',(5.722317462340E-2,6.037518063267E-1,
-1.194417719340E0));
#367=CARTESIAN_POINT('',(5.359108683083E-2,6.038141915049E-1,
-1.194318118733E0));
#368=CARTESIAN_POINT('',(5.184562901287E-2,6.038141862167E-1,
-1.194318127175E0));
#370=CARTESIAN_POINT('',(1.901208637832E-4,4.976728666918E-1,
-1.226887998331E0));
#371=DIRECTION('',(-9.999690439095E-1,-2.610165113989E-3,-7.422820274119E-3));
#372=DIRECTION('',(-7.309932862272E-10,9.433747953029E-1,-3.317287982481E-1));
#373=AXIS2_PLACEMENT_3D('',#370,#371,#372);
#375=DIRECTION('',(0.E0,5.308438736187E-1,8.474696347607E-1));
#376=VECTOR('',#375,1.636519378354E-1);
#377=CARTESIAN_POINT('',(-1.E-1,5.013613356423E-1,-1.357879743128E0));
#378=LINE('',#377,#376);
#379=DIRECTION('',(1.E0,-3.748292007246E-8,2.771368515062E-7));
#380=VECTOR('',#379,1.036914232348E-1);
#381=CARTESIAN_POINT('',(-5.184579422195E-2,6.038141901034E-1,
-1.194318155912E0));
#382=LINE('',#381,#380);
#383=DIRECTION('',(0.E0,5.308438736187E-1,8.474696347607E-1));
#384=VECTOR('',#383,1.636521498136E-1);
#385=CARTESIAN_POINT('',(1.E-1,5.013613356423E-1,-1.357879743128E0));
#386=LINE('',#385,#384);
#387=DIRECTION('',(1.E0,0.E0,0.E0));
#388=VECTOR('',#387,1.317658716612E-1);
#389=CARTESIAN_POINT('',(1.E-1,5.013613356423E-1,-1.357879743128E0));
#390=LINE('',#389,#388);
#391=DIRECTION('',(1.E0,0.E0,0.E0));
#392=VECTOR('',#391,1.317658716612E-1);
#393=CARTESIAN_POINT('',(-2.317658716612E-1,5.013613356423E-1,
-1.357879743128E0));
#394=LINE('',#393,#392);
#395=CARTESIAN_POINT('',(-1.E-1,5.882349642481E-1,-1.219189695143E0));
#396=CARTESIAN_POINT('',(-1.E-1,5.868385673001E-1,-1.222692107081E0));
#397=CARTESIAN_POINT('',(-9.999999968585E-2,5.837854482101E-1,
-1.229446456337E0));
#398=CARTESIAN_POINT('',(-1.000000006283E-1,5.802460355607E-1,
-1.235711142783E0));
#399=CARTESIAN_POINT('',(-1.000000006283E-1,5.783586447488E-1,
-1.238724411437E0));
#401=CARTESIAN_POINT('',(-1.000000091381E-1,2.202119840466E-2,
-1.560302501459E0));
#402=CARTESIAN_POINT('',(-1.000000091381E-1,1.862885498128E-2,
-1.559601189817E0));
#403=CARTESIAN_POINT('',(-9.999999543093E-2,1.187028286628E-2,
-1.557867347613E0));
#404=CARTESIAN_POINT('',(-1.E-1,5.161059683158E-3,-1.555461295801E0));
#405=CARTESIAN_POINT('',(-1.E-1,1.821934656724E-3,-1.554084445993E0));
#407=DIRECTION('',(1.382407592353E-6,9.792951324414E-1,-2.024377523452E-1));
#408=VECTOR('',#407,6.610314956891E-3);
#409=CARTESIAN_POINT('',(-1.000000091381E-1,2.202119840466E-2,
-1.560302501459E0));
#410=LINE('',#409,#408);
#411=CARTESIAN_POINT('',(-1.E-1,1.2E-1,-1.119E0));
#412=DIRECTION('',(1.E0,0.E0,0.E0));
#413=DIRECTION('',(0.E0,-2.024454697658E-1,-9.792935370824E-1));
#414=AXIS2_PLACEMENT_3D('',#411,#412,#413);
#416=DIRECTION('',(-4.429247312655E-9,5.308438950576E-1,8.474696213317E-1));
#417=VECTOR('',#416,1.418540752528E-1);
#418=CARTESIAN_POINT('',(-1.E-1,5.030562749118E-1,-1.358941430876E0));
#419=LINE('',#418,#417);
#420=CARTESIAN_POINT('',(-5.184579422195E-2,6.038141901034E-1,
-1.194318155912E0));
#421=CARTESIAN_POINT('',(-5.762218023291E-2,6.038142537779E-1,
-1.194318054258E0));
#422=CARTESIAN_POINT('',(-6.837388802780E-2,6.031405506832E-1,
-1.195393546718E0));
#423=CARTESIAN_POINT('',(-8.256058811973E-2,6.000128750291E-1,
-1.200386766134E0));
#424=CARTESIAN_POINT('',(-9.342965889655E-2,5.949706933170E-1,
-1.208436389452E0));
#425=CARTESIAN_POINT('',(-9.820679537461E-2,5.906568729392E-1,
-1.215323221071E0));
#426=CARTESIAN_POINT('',(-1.E-1,5.882349642481E-1,-1.219189695143E0));
#428=CARTESIAN_POINT('',(3.628465618758E-4,5.824197112537E-1,
-1.279972310655E0));
#429=CARTESIAN_POINT('',(-4.801217350417E-3,5.824104935991E-1,
-1.280005088117E0));
#430=CARTESIAN_POINT('',(-1.531373338880E-2,5.826014006991E-1,
-1.279028954376E0));
#431=CARTESIAN_POINT('',(-3.188651190617E-2,5.830658933376E-1,
-1.274773121760E0));
#432=CARTESIAN_POINT('',(-4.810609265643E-2,5.833871715433E-1,
-1.268335515885E0));
#433=CARTESIAN_POINT('',(-6.457063678899E-2,5.829879151806E-1,
-1.260379586356E0));
#434=CARTESIAN_POINT('',(-8.159441549274E-2,5.816217945322E-1,
-1.250755255665E0));
#435=CARTESIAN_POINT('',(-9.379380442405E-2,5.796727368795E-1,
-1.242957867786E0));
#436=CARTESIAN_POINT('',(-1.000000006283E-1,5.783586447488E-1,
-1.238724411437E0));
#438=CARTESIAN_POINT('',(0.E0,3.465609616888E-1,-1.260914817453E0));
#439=DIRECTION('',(0.E0,-5.308438736187E-1,-8.474696347607E-1));
#440=DIRECTION('',(-4.761904761905E-1,7.452157772528E-1,-4.667933972529E-1));
#441=AXIS2_PLACEMENT_3D('',#438,#439,#440);
#443=CARTESIAN_POINT('',(1.000000054664E-1,5.783585848121E-1,
-1.238724559055E0));
#444=CARTESIAN_POINT('',(9.511109379316E-2,5.793952028816E-1,
-1.242056967780E0));
#445=CARTESIAN_POINT('',(8.543088634440E-2,5.810499331481E-1,
-1.248343977377E0));
#446=CARTESIAN_POINT('',(7.139718283444E-2,5.825171589453E-1,
-1.256592389733E0));
#447=CARTESIAN_POINT('',(5.779047262673E-2,5.832017878347E-1,
-1.263755481344E0));
#448=CARTESIAN_POINT('',(4.454893065227E-2,5.833245611875E-1,
-1.269785712607E0));
#449=CARTESIAN_POINT('',(3.172506201239E-2,5.830696080448E-1,
-1.274680677856E0));
#450=CARTESIAN_POINT('',(1.695348600151E-2,5.826393792500E-1,
-1.278699421056E0));
#451=CARTESIAN_POINT('',(6.073155307408E-3,5.824227368316E-1,
-1.279949077954E0));
#452=CARTESIAN_POINT('',(3.628465618758E-4,5.824197112537E-1,
-1.279972310655E0));
#454=CARTESIAN_POINT('',(-8.353579392904E-2,2.687341232493E-2,
-1.569483112548E0));
#455=CARTESIAN_POINT('',(-7.841926024236E-2,2.893175781984E-2,
-1.572173924711E0));
#456=CARTESIAN_POINT('',(-6.828302130786E-2,3.304150312098E-2,
-1.576970007571E0));
#457=CARTESIAN_POINT('',(-5.360615636184E-2,3.879536092149E-2,
-1.582521517032E0));
#458=CARTESIAN_POINT('',(-3.902971588048E-2,4.396532854195E-2,
-1.586725682008E0));
#459=CARTESIAN_POINT('',(-2.453171847356E-2,4.808621911939E-2,
-1.589611806180E0));
#460=CARTESIAN_POINT('',(-9.895565475683E-3,5.063567446356E-2,
-1.591215837169E0));
#461=CARTESIAN_POINT('',(5.431584760178E-3,5.105296337662E-2,
-1.591457314961E0));
#462=CARTESIAN_POINT('',(2.114822314608E-2,4.887314790746E-2,
-1.590133423722E0));
#463=CARTESIAN_POINT('',(3.664819133631E-2,4.476155602736E-2,
-1.587315851638E0));
#464=CARTESIAN_POINT('',(5.195582218775E-2,3.941867072764E-2,
-1.583085370514E0));
#465=CARTESIAN_POINT('',(6.747201229296E-2,3.337615140608E-2,
-1.577340785655E0));
#466=CARTESIAN_POINT('',(7.814690355116E-2,2.904013972076E-2,
-1.572317064986E0));
#467=CARTESIAN_POINT('',(8.353579365924E-2,2.687341240725E-2,
-1.569483112684E0));
#469=CARTESIAN_POINT('',(0.E0,6.587860326981E-2,-1.380802519449E0));
#470=DIRECTION('',(0.E0,-9.792935370824E-1,2.024454697658E-1));
#471=DIRECTION('',(3.977894937178E-1,-1.857390041394E-1,-8.984790153527E-1));
#472=AXIS2_PLACEMENT_3D('',#469,#470,#471);
#474=CARTESIAN_POINT('',(0.E0,6.587860326981E-2,-1.380802519449E0));
#475=DIRECTION('',(0.E0,9.792935370824E-1,-2.024454697658E-1));
#476=DIRECTION('',(-3.977894937178E-1,-1.857390041394E-1,-8.984790153527E-1));
#477=AXIS2_PLACEMENT_3D('',#474,#475,#476);
#479=CARTESIAN_POINT('',(-4.375685926545E-2,4.544730292885E-2,
-1.479635202472E0));
#480=DIRECTION('',(7.511117896780E-1,4.964432870048E-1,-4.351725430155E-1));
#481=DIRECTION('',(-8.251373501124E-8,-6.591774484879E-1,-7.519874276907E-1));
#482=AXIS2_PLACEMENT_3D('',#479,#480,#481);
#484=CARTESIAN_POINT('',(4.375684140172E-2,-2.047042223309E-2,
-1.554833962499E0));
#485=CARTESIAN_POINT('',(4.461494221021E-2,-2.175526933931E-2,
-1.553707675742E0));
#486=CARTESIAN_POINT('',(4.630420082504E-2,-2.427872407742E-2,
-1.551430617050E0));
#487=CARTESIAN_POINT('',(4.794408606212E-2,-2.670813906282E-2,
-1.549110209810E0));
#488=CARTESIAN_POINT('',(4.875157608391E-2,-2.789946238448E-2,
-1.547940253454E0));
#490=CARTESIAN_POINT('',(-4.375685977419E-2,-2.047044968846E-2,
-1.554833938431E0));
#491=CARTESIAN_POINT('',(-4.107306544195E-2,-1.643878704419E-2,
-1.558367989019E0));
#492=CARTESIAN_POINT('',(-3.576936703409E-2,-8.559781393066E-3,
-1.564635888598E0));
#493=CARTESIAN_POINT('',(-2.808139356050E-2,2.310571293699E-3,
-1.571967233689E0));
#494=CARTESIAN_POINT('',(-2.044539791851E-2,1.192591707100E-2,
-1.577539517396E0));
#495=CARTESIAN_POINT('',(-1.285236383010E-2,1.952965346244E-2,
-1.581391914641E0));
#496=CARTESIAN_POINT('',(-5.172173432734E-3,2.420209097549E-2,
-1.583529406646E0));
#497=CARTESIAN_POINT('',(2.841899203226E-3,2.496344734181E-2,
-1.583862072578E0));
#498=CARTESIAN_POINT('',(1.106739552569E-2,2.098685726485E-2,
-1.582083149063E0));
#499=CARTESIAN_POINT('',(1.920441520823E-2,1.338409941750E-2,
-1.578326779212E0));
#500=CARTESIAN_POINT('',(2.721509181637E-2,3.489766038195E-3,
-1.572712454182E0));
#501=CARTESIAN_POINT('',(3.534622716087E-2,-7.927021800829E-3,
-1.565121601617E0));
#502=CARTESIAN_POINT('',(4.092886477883E-2,-1.622155318012E-2,
-1.558558384078E0));
#503=CARTESIAN_POINT('',(4.375684140172E-2,-2.047042223309E-2,
-1.554833962499E0));
#505=CARTESIAN_POINT('',(-4.875154750809E-2,-2.789944346111E-2,
-1.547940249025E0));
#506=CARTESIAN_POINT('',(-4.794285050487E-2,-2.670640010825E-2,
-1.549111894206E0));
#507=CARTESIAN_POINT('',(-4.630139439011E-2,-2.427524178384E-2,
-1.551433864573E0));
#508=CARTESIAN_POINT('',(-4.461372562696E-2,-2.175346684256E-2,
-1.553709248251E0));
#509=CARTESIAN_POINT('',(-4.375685977419E-2,-2.047044968846E-2,
-1.554833938431E0));
#511=CARTESIAN_POINT('',(4.375683747987E-2,4.544731732824E-2,
-1.479635215095E0));
#512=DIRECTION('',(7.511118612766E-1,-4.964433312396E-1,4.351723689726E-1));
#513=DIRECTION('',(2.713603300394E-9,-6.591773344693E-1,-7.519875276373E-1));
#514=AXIS2_PLACEMENT_3D('',#511,#512,#513);
#516=CARTESIAN_POINT('',(4.875157608391E-2,-2.789946238448E-2,
-1.547940253454E0));
#517=CARTESIAN_POINT('',(5.719917165097E-2,-2.789947755300E-2,
-1.547940250318E0));
#518=CARTESIAN_POINT('',(7.226718223192E-2,-2.552004525313E-2,
-1.548432149695E0));
#519=CARTESIAN_POINT('',(9.051639667180E-2,-1.456054127812E-2,
-1.550697760906E0));
#520=CARTESIAN_POINT('',(9.752679710994E-2,-4.230696052876E-3,
-1.552833209646E0));
#521=CARTESIAN_POINT('',(1.E-1,1.821854544423E-3,-1.554084429431E0));
#523=CARTESIAN_POINT('',(8.353579365924E-2,2.687341240725E-2,
-1.569483112684E0));
#524=CARTESIAN_POINT('',(8.641998911082E-2,2.599466060503E-2,
-1.568024482506E0));
#525=CARTESIAN_POINT('',(9.204807544653E-2,2.430778348150E-2,
-1.565026909579E0));
#526=CARTESIAN_POINT('',(9.739555725296E-2,2.275970182379E-2,
-1.561895367637E0));
#527=CARTESIAN_POINT('',(1.000000054581E-1,2.202109003479E-2,
-1.560302457632E0));
#529=CARTESIAN_POINT('',(-1.000000091381E-1,2.202119840466E-2,
-1.560302501459E0));
#530=CARTESIAN_POINT('',(-9.738760223453E-2,2.276197228253E-2,
-1.561900247474E0));
#531=CARTESIAN_POINT('',(-9.203196400535E-2,2.431272731796E-2,
-1.565035953343E0));
#532=CARTESIAN_POINT('',(-8.641171115085E-2,2.599706246368E-2,
-1.568028630363E0));
#533=CARTESIAN_POINT('',(-8.353579392904E-2,2.687341232493E-2,
-1.569483112548E0));
#535=CARTESIAN_POINT('',(-1.E-1,1.821934656724E-3,-1.554084445993E0));
#536=CARTESIAN_POINT('',(-9.752844683509E-2,-4.226518770834E-3,
-1.552834073199E0));
#537=CARTESIAN_POINT('',(-9.052358806782E-2,-1.455241061240E-2,
-1.550699440614E0));
#538=CARTESIAN_POINT('',(-7.228026714588E-2,-2.551612882610E-2,
-1.548432963215E0));
#539=CARTESIAN_POINT('',(-5.720476851158E-2,-2.789946007152E-2,
-1.547940245591E0));
#540=CARTESIAN_POINT('',(-4.875154750809E-2,-2.789944346111E-2,
-1.547940249025E0));
#542=CARTESIAN_POINT('',(1.900582118733E-4,5.920103496572E-1,
-1.260060880153E0));
#543=CARTESIAN_POINT('',(-2.489651857799E-3,5.919960946921E-1,
-1.260100867687E0));
#544=CARTESIAN_POINT('',(-7.929509293878E-3,5.925701526549E-1,
-1.258508443831E0));
#545=CARTESIAN_POINT('',(-1.655665410306E-2,5.949657246428E-1,
-1.251248022021E0));
#546=CARTESIAN_POINT('',(-2.496565520761E-2,5.979043485748E-1,
-1.240700148178E0));
#547=CARTESIAN_POINT('',(-3.350272623693E-2,6.006939246448E-1,
-1.227797718277E0));
#548=CARTESIAN_POINT('',(-4.231994669466E-2,6.029117607583E-1,
-1.212650141949E0));
#549=CARTESIAN_POINT('',(-4.862589260813E-2,6.037042875426E-1,
-1.200712936517E0));
#550=CARTESIAN_POINT('',(-5.184579422195E-2,6.038141901034E-1,
-1.194318155912E0));
#552=CARTESIAN_POINT('',(5.184562901287E-2,6.038141862167E-1,
-1.194318127175E0));
#553=CARTESIAN_POINT('',(4.931114842256E-2,6.037277833406E-1,
-1.199348457644E0));
#554=CARTESIAN_POINT('',(4.429988438597E-2,6.032014439184E-1,
-1.208924811850E0));
#555=CARTESIAN_POINT('',(3.705623199978E-2,6.016389217023E-1,
-1.221828879285E0));
#556=CARTESIAN_POINT('',(2.994971941837E-2,5.995820851390E-1,
-1.233200447088E0));
#557=CARTESIAN_POINT('',(2.321829021296E-2,5.972386156037E-1,
-1.243120839746E0));
#558=CARTESIAN_POINT('',(1.630730400509E-2,5.950346684161E-1,
-1.250948236184E0));
#559=CARTESIAN_POINT('',(8.916571736594E-3,5.927167919085E-1,
-1.258098215970E0));
#560=CARTESIAN_POINT('',(3.217627809737E-3,5.920358068846E-1,
-1.259989734910E0));
#561=CARTESIAN_POINT('',(1.900582118733E-4,5.920103496572E-1,
-1.260060880153E0));
#563=CARTESIAN_POINT('',(-1.E-1,1.2E-1,-1.119E0));
#564=DIRECTION('',(1.E0,0.E0,0.E0));
#565=DIRECTION('',(0.E0,-2.024454697658E-1,-9.792935370824E-1));
#566=AXIS2_PLACEMENT_3D('',#563,#564,#565);
#568=DIRECTION('',(1.E0,0.E0,0.E0));
#569=VECTOR('',#568,9.168556497166E-2);
#570=CARTESIAN_POINT('',(-1.916855649717E-1,2.889953860538E-2,
-1.559682091687E0));
#571=LINE('',#570,#569);
#572=CARTESIAN_POINT('',(1.E-1,1.2E-1,-1.119E0));
#573=DIRECTION('',(1.E0,0.E0,0.E0));
#574=DIRECTION('',(0.E0,-2.024454697658E-1,-9.792935370824E-1));
#575=AXIS2_PLACEMENT_3D('',#572,#573,#574);
#577=DIRECTION('',(1.E0,0.E0,0.E0));
#578=VECTOR('',#577,9.168556497166E-2);
#579=CARTESIAN_POINT('',(1.E-1,2.889953860538E-2,-1.559682091687E0));
#580=LINE('',#579,#578);
#581=DIRECTION('',(-1.717150512087E-2,2.024156209702E-1,9.791491489038E-1));
#582=VECTOR('',#581,1.000147462906E-1);
#583=CARTESIAN_POINT('',(-1.830261039074E-1,-7.317713878836E-2,
-1.538580184930E0));
#584=LINE('',#583,#582);
#585=DIRECTION('',(-8.279110811386E-2,9.759315471603E-1,-2.017504589204E-1));
#586=VECTOR('',#585,1.045940954473E-1);
#587=CARTESIAN_POINT('',(-1.830261039074E-1,-7.317713878836E-2,
-1.538580184930E0));
#588=LINE('',#587,#586);
#589=CARTESIAN_POINT('',(-1.916855649717E-1,2.889953860538E-2,
-1.559682091687E0));
#590=CARTESIAN_POINT('',(-1.960121946279E-1,7.990132455296E-2,
-1.570225488661E0));
#591=CARTESIAN_POINT('',(-2.039763454009E-1,1.737817685133E-1,
-1.572202096074E0));
#592=CARTESIAN_POINT('',(-2.145980355062E-1,2.989889639977E-1,
-1.538435302948E0));
#593=CARTESIAN_POINT('',(-2.240191254994E-1,4.100436308864E-1,
-1.471373766275E0));
#594=CARTESIAN_POINT('',(-2.294148466327E-1,4.736477375799E-1,
-1.402123322070E0));
#595=CARTESIAN_POINT('',(-2.317658716612E-1,5.013613356423E-1,
-1.357879743128E0));
#597=DIRECTION('',(-4.498743427860E-2,5.303064222538E-1,8.466116165476E-1));
#598=VECTOR('',#597,1.374949853156E0);
#599=CARTESIAN_POINT('',(-2.317658716612E-1,5.013613356423E-1,
-1.357879743128E0));
#600=LINE('',#599,#598);
#601=CARTESIAN_POINT('',(-2.936213378164E-1,1.230506073048E0,
-1.938312252763E-1));
#602=CARTESIAN_POINT('',(-2.952854863922E-1,1.250122854744E0,
-1.625138688077E-1));
#603=CARTESIAN_POINT('',(-2.994943798652E-1,1.299736780835E0,
-1.187331805156E-1));
#604=CARTESIAN_POINT('',(-3.048731425637E-1,1.363140983554E0,-1.E-1));
#605=CARTESIAN_POINT('',(-3.08E-1,1.4E0,-1.E-1));
#607=DIRECTION('',(0.E0,0.E0,-1.E0));
#608=VECTOR('',#607,1.E-1);
#609=CARTESIAN_POINT('',(-3.25E-1,1.600393939394E0,0.E0));
#610=LINE('',#609,#608);
#611=CARTESIAN_POINT('',(-3.08E-1,1.4E0,0.E0));
#612=CARTESIAN_POINT('',(-3.033097138456E-1,1.344711475331E0,0.E0));
#613=CARTESIAN_POINT('',(-2.952415697978E-1,1.249605171252E0,
-2.809977077333E-2));
#614=CARTESIAN_POINT('',(-2.889282295883E-1,1.175184282116E0,
-9.377080321161E-2));
#615=CARTESIAN_POINT('',(-2.864320067246E-1,1.145759109572E0,
-1.407468379144E-1));
#617=DIRECTION('',(4.498743427860E-2,-5.303064222538E-1,-8.466116165476E-1));
#618=VECTOR('',#617,1.374949853156E0);
#619=CARTESIAN_POINT('',(-2.864320067246E-1,1.145759109572E0,
-1.407468379144E-1));
#620=LINE('',#619,#618);
#621=CARTESIAN_POINT('',(-2.245765405694E-1,4.166143721663E-1,
-1.304795355767E0));
#622=CARTESIAN_POINT('',(-2.227479655473E-1,3.950593514511E-1,
-1.339207028276E0));
#623=CARTESIAN_POINT('',(-2.185512935546E-1,3.455894906894E-1,
-1.393068484881E0));
#624=CARTESIAN_POINT('',(-2.112237791155E-1,2.592136386649E-1,
-1.445227457848E0));
#625=CARTESIAN_POINT('',(-2.029624645891E-1,1.618302643992E-1,
-1.471490519169E0));
#626=CARTESIAN_POINT('',(-1.967681250990E-1,8.881214131897E-2,
-1.469953157847E0));
#627=CARTESIAN_POINT('',(-1.934029686998E-1,4.914408558196E-2,
-1.461752737979E0));
#629=DIRECTION('',(8.279110811386E-2,-9.759315471603E-1,2.017504589204E-1));
#630=VECTOR('',#629,1.045940954473E-1);
#631=CARTESIAN_POINT('',(-1.934029686998E-1,4.914408558196E-2,
-1.461752737979E0));
#632=LINE('',#631,#630);
#633=CARTESIAN_POINT('',(-1.847435076355E-1,-5.293259181178E-2,
-1.440650831222E0));
#634=CARTESIAN_POINT('',(-1.822033435623E-1,-8.287573800848E-2,
-1.434460803341E0));
#635=CARTESIAN_POINT('',(-1.566240083531E-1,-1.209506111550E-1,
-1.426589735792E0));
#636=CARTESIAN_POINT('',(-1.157536238865E-1,-1.427554530234E-1,
-1.422082107295E0));
#637=CARTESIAN_POINT('',(-8.507201892782E-2,-1.427554530234E-1,
-1.422082107295E0));
#639=DIRECTION('',(1.E0,0.E0,0.E0));
#640=VECTOR('',#639,3.868059373995E-1);
#641=CARTESIAN_POINT('',(-1.934029686998E-1,4.914408558196E-2,
-1.461752737979E0));
#642=LINE('',#641,#640);
#643=CARTESIAN_POINT('',(8.507201892782E-2,-1.427554530234E-1,
-1.422082107295E0));
#644=CARTESIAN_POINT('',(1.157536238865E-1,-1.427554530234E-1,
-1.422082107295E0));
#645=CARTESIAN_POINT('',(1.566240083531E-1,-1.209506111550E-1,
-1.426589735792E0));
#646=CARTESIAN_POINT('',(1.822033435623E-1,-8.287573800848E-2,
-1.434460803341E0));
#647=CARTESIAN_POINT('',(1.847435076355E-1,-5.293259181178E-2,
-1.440650831222E0));
#649=DIRECTION('',(1.E0,0.E0,0.E0));
#650=VECTOR('',#649,4.491530811387E-1);
#651=CARTESIAN_POINT('',(-2.245765405694E-1,4.166143721663E-1,
-1.304795355767E0));
#652=LINE('',#651,#650);
#653=DIRECTION('',(1.E0,0.E0,0.E0));
#654=VECTOR('',#653,5.728640134492E-1);
#655=CARTESIAN_POINT('',(-2.864320067246E-1,1.145759109572E0,
-1.407468379144E-1));
#656=LINE('',#655,#654);
#657=DIRECTION('',(-1.717150512087E-2,2.024156209702E-1,9.791491489038E-1));
#658=VECTOR('',#657,1.000147462906E-1);
#659=CARTESIAN_POINT('',(-8.335461519973E-2,-1.63E-1,-1.520011461003E0));
#660=LINE('',#659,#658);
#661=DIRECTION('',(1.E0,0.E0,0.E0));
#662=VECTOR('',#661,1.701440378556E-1);
#663=CARTESIAN_POINT('',(-8.507201892782E-2,-1.427554530234E-1,
-1.422082107295E0));
#664=LINE('',#663,#662);
#665=DIRECTION('',(-1.717150512087E-2,-2.024156209702E-1,-9.791491489038E-1));
#666=VECTOR('',#665,1.000147462906E-1);
#667=CARTESIAN_POINT('',(8.507201892782E-2,-1.427554530234E-1,
-1.422082107295E0));
#668=LINE('',#667,#666);
#669=DIRECTION('',(1.E0,0.E0,0.E0));
#670=VECTOR('',#669,5.872426756328E-1);
#671=CARTESIAN_POINT('',(-2.936213378164E-1,1.230506073048E0,
-1.938312252763E-1));
#672=LINE('',#671,#670);
#673=DIRECTION('',(1.E0,0.E0,0.E0));
#674=VECTOR('',#673,6.16E-1);
#675=CARTESIAN_POINT('',(-3.08E-1,1.4E0,-1.E-1));
#676=LINE('',#675,#674);
#677=DIRECTION('',(8.452928750537E-2,9.964209951390E-1,0.E0));
#678=VECTOR('',#677,2.011137263983E-1);
#679=CARTESIAN_POINT('',(3.08E-1,1.4E0,-1.E-1));
#680=LINE('',#679,#678);
#681=DIRECTION('',(0.E0,1.E0,0.E0));
#682=VECTOR('',#681,5.E-2);
#683=CARTESIAN_POINT('',(3.25E-1,1.600393939394E0,-1.E-1));
#684=LINE('',#683,#682);
#685=DIRECTION('',(0.E0,1.E0,0.E0));
#686=VECTOR('',#685,2.5E-2);
#687=CARTESIAN_POINT('',(3.25E-1,1.650393939394E0,-1.E-1));
#688=LINE('',#687,#686);
#689=CARTESIAN_POINT('',(4.E-1,1.675393939394E0,-1.E-1));
#690=DIRECTION('',(0.E0,0.E0,-1.E0));
#691=DIRECTION('',(-1.E0,0.E0,0.E0));
#692=AXIS2_PLACEMENT_3D('',#689,#690,#691);
#694=DIRECTION('',(0.E0,-1.E0,0.E0));
#695=VECTOR('',#694,2.5E-2);
#696=CARTESIAN_POINT('',(4.75E-1,1.675393939394E0,-1.E-1));
#697=LINE('',#696,#695);
#698=DIRECTION('',(0.E0,-1.E0,0.E0));
#699=VECTOR('',#698,5.6E-2);
#700=CARTESIAN_POINT('',(4.75E-1,1.650393939394E0,-1.E-1));
#701=LINE('',#700,#699);
#702=DIRECTION('',(-8.452928750537E-2,-9.964209951390E-1,0.E0));
#703=VECTOR('',#702,5.915109599951E-1);
#704=CARTESIAN_POINT('',(4.75E-1,1.594393939394E0,-1.E-1));
#705=LINE('',#704,#703);
#706=DIRECTION('',(0.E0,-1.E0,0.E0));
#707=VECTOR('',#706,1.955E0);
#708=CARTESIAN_POINT('',(4.25E-1,1.005E0,-1.E-1));
#709=LINE('',#708,#707);
#710=DIRECTION('',(1.E0,0.E0,0.E0));
#711=VECTOR('',#710,2.5E-1);
#712=CARTESIAN_POINT('',(4.25E-1,-9.5E-1,-1.E-1));
#713=LINE('',#712,#711);
#714=DIRECTION('',(0.E0,1.E0,0.E0));
#715=VECTOR('',#714,5.E-2);
#716=CARTESIAN_POINT('',(6.75E-1,-9.5E-1,-1.E-1));
#717=LINE('',#716,#715);
#718=DIRECTION('',(1.E0,0.E0,0.E0));
#719=VECTOR('',#718,1.45E-1);
#720=CARTESIAN_POINT('',(6.75E-1,-9.E-1,-1.E-1));
#721=LINE('',#720,#719);
#722=DIRECTION('',(0.E0,-1.E0,0.E0));
#723=VECTOR('',#722,1.25E0);
#724=CARTESIAN_POINT('',(8.2E-1,3.5E-1,-1.E-1));
#725=LINE('',#724,#723);
#726=DIRECTION('',(-1.E0,0.E0,0.E0));
#727=VECTOR('',#726,7.E-2);
#728=CARTESIAN_POINT('',(8.2E-1,3.5E-1,-1.E-1));
#729=LINE('',#728,#727);
#730=DIRECTION('',(0.E0,1.E0,0.E0));
#731=VECTOR('',#730,1.85E0);
#732=CARTESIAN_POINT('',(7.5E-1,3.5E-1,-1.E-1));
#733=LINE('',#732,#731);
#734=CARTESIAN_POINT('',(0.E0,2.2E0,-1.E-1));
#735=DIRECTION('',(0.E0,0.E0,1.E0));
#736=DIRECTION('',(1.E0,0.E0,0.E0));
#737=AXIS2_PLACEMENT_3D('',#734,#735,#736);
#739=DIRECTION('',(0.E0,-1.E0,0.E0));
#740=VECTOR('',#739,1.85E0);
#741=CARTESIAN_POINT('',(-7.5E-1,2.2E0,-1.E-1));
#742=LINE('',#741,#740);
#743=DIRECTION('',(-1.E0,0.E0,0.E0));
#744=VECTOR('',#743,7.E-2);
#745=CARTESIAN_POINT('',(-7.5E-1,3.5E-1,-1.E-1));
#746=LINE('',#745,#744);
#747=DIRECTION('',(0.E0,1.E0,0.E0));
#748=VECTOR('',#747,1.25E0);
#749=CARTESIAN_POINT('',(-8.2E-1,-9.E-1,-1.E-1));
#750=LINE('',#749,#748);
#751=DIRECTION('',(1.E0,0.E0,0.E0));
#752=VECTOR('',#751,1.45E-1);
#753=CARTESIAN_POINT('',(-8.2E-1,-9.E-1,-1.E-1));
#754=LINE('',#753,#752);
#755=DIRECTION('',(0.E0,-1.E0,0.E0));
#756=VECTOR('',#755,5.E-2);
#757=CARTESIAN_POINT('',(-6.75E-1,-9.E-1,-1.E-1));
#758=LINE('',#757,#756);
#759=DIRECTION('',(1.E0,0.E0,0.E0));
#760=VECTOR('',#759,2.5E-1);
#761=CARTESIAN_POINT('',(-6.75E-1,-9.5E-1,-1.E-1));
#762=LINE('',#761,#760);
#763=DIRECTION('',(0.E0,1.E0,0.E0));
#764=VECTOR('',#763,1.955E0);
#765=CARTESIAN_POINT('',(-4.25E-1,-9.5E-1,-1.E-1));
#766=LINE('',#765,#764);
#767=DIRECTION('',(-8.452928750537E-2,9.964209951390E-1,0.E0));
#768=VECTOR('',#767,5.915109599951E-1);
#769=CARTESIAN_POINT('',(-4.25E-1,1.005E0,-1.E-1));
#770=LINE('',#769,#768);
#771=DIRECTION('',(0.E0,1.E0,0.E0));
#772=VECTOR('',#771,5.6E-2);
#773=CARTESIAN_POINT('',(-4.75E-1,1.594393939394E0,-1.E-1));
#774=LINE('',#773,#772);
#775=DIRECTION('',(0.E0,1.E0,0.E0));
#776=VECTOR('',#775,2.5E-2);
#777=CARTESIAN_POINT('',(-4.75E-1,1.650393939394E0,-1.E-1));
#778=LINE('',#777,#776);
#779=CARTESIAN_POINT('',(-4.E-1,1.675393939394E0,-1.E-1));
#780=DIRECTION('',(0.E0,0.E0,-1.E0));
#781=DIRECTION('',(-1.E0,0.E0,0.E0));
#782=AXIS2_PLACEMENT_3D('',#779,#780,#781);
#784=DIRECTION('',(0.E0,-1.E0,0.E0));
#785=VECTOR('',#784,2.5E-2);
#786=CARTESIAN_POINT('',(-3.25E-1,1.675393939394E0,-1.E-1));
#787=LINE('',#786,#785);
#788=DIRECTION('',(0.E0,-1.E0,0.E0));
#789=VECTOR('',#788,5.E-2);
#790=CARTESIAN_POINT('',(-3.25E-1,1.650393939394E0,-1.E-1));
#791=LINE('',#790,#789);
#792=DIRECTION('',(8.452928750537E-2,-9.964209951390E-1,0.E0));
#793=VECTOR('',#792,2.011137263983E-1);
#794=CARTESIAN_POINT('',(-3.25E-1,1.600393939394E0,-1.E-1));
#795=LINE('',#794,#793);
#796=DIRECTION('',(0.E0,0.E0,-1.E0));
#797=VECTOR('',#796,1.E-1);
#798=CARTESIAN_POINT('',(3.25E-1,1.600393939394E0,0.E0));
#799=LINE('',#798,#797);
#800=DIRECTION('',(0.E0,0.E0,-1.E0));
#801=VECTOR('',#800,1.E-1);
#802=CARTESIAN_POINT('',(3.25E-1,1.650393939394E0,0.E0));
#803=LINE('',#802,#801);
#804=DIRECTION('',(0.E0,0.E0,-1.E0));
#805=VECTOR('',#804,1.E-1);
#806=CARTESIAN_POINT('',(3.25E-1,1.675393939394E0,0.E0));
#807=LINE('',#806,#805);
#808=DIRECTION('',(0.E0,0.E0,-1.E0));
#809=VECTOR('',#808,1.E-1);
#810=CARTESIAN_POINT('',(4.75E-1,1.675393939394E0,0.E0));
#811=LINE('',#810,#809);
#812=DIRECTION('',(0.E0,0.E0,-1.E0));
#813=VECTOR('',#812,1.E-1);
#814=CARTESIAN_POINT('',(4.75E-1,1.650393939394E0,0.E0));
#815=LINE('',#814,#813);
#816=DIRECTION('',(0.E0,0.E0,-1.E0));
#817=VECTOR('',#816,1.E-1);
#818=CARTESIAN_POINT('',(4.75E-1,1.594393939394E0,0.E0));
#819=LINE('',#818,#817);
#820=DIRECTION('',(0.E0,0.E0,-1.E0));
#821=VECTOR('',#820,1.E-1);
#822=CARTESIAN_POINT('',(4.25E-1,1.005E0,0.E0));
#823=LINE('',#822,#821);
#824=DIRECTION('',(0.E0,0.E0,-1.E0));
#825=VECTOR('',#824,1.E-1);
#826=CARTESIAN_POINT('',(4.25E-1,-9.5E-1,0.E0));
#827=LINE('',#826,#825);
#828=DIRECTION('',(0.E0,0.E0,-1.E0));
#829=VECTOR('',#828,1.E-1);
#830=CARTESIAN_POINT('',(6.75E-1,-9.5E-1,0.E0));
#831=LINE('',#830,#829);
#832=DIRECTION('',(1.E0,0.E0,0.E0));
#833=VECTOR('',#832,1.E-1);
#834=CARTESIAN_POINT('',(9.E-1,-9.E-1,-3.2E-1));
#835=LINE('',#834,#833);
#836=DIRECTION('',(0.E0,0.E0,-1.E0));
#837=VECTOR('',#836,1.4E-1);
#838=CARTESIAN_POINT('',(9.E-1,-9.E-1,-1.8E-1));
#839=LINE('',#838,#837);
#840=CARTESIAN_POINT('',(8.2E-1,-9.E-1,-1.8E-1));
#841=DIRECTION('',(0.E0,1.E0,0.E0));
#842=DIRECTION('',(0.E0,0.E0,1.E0));
#843=AXIS2_PLACEMENT_3D('',#840,#841,#842);
#845=DIRECTION('',(0.E0,0.E0,-1.E0));
#846=VECTOR('',#845,1.E-1);
#847=CARTESIAN_POINT('',(6.75E-1,-9.E-1,0.E0));
#848=LINE('',#847,#846);
#849=CARTESIAN_POINT('',(8.2E-1,-9.E-1,-1.8E-1));
#850=DIRECTION('',(0.E0,-1.E0,0.E0));
#851=DIRECTION('',(1.E0,0.E0,0.E0));
#852=AXIS2_PLACEMENT_3D('',#849,#850,#851);
#854=DIRECTION('',(0.E0,0.E0,1.E0));
#855=VECTOR('',#854,1.4E-1);
#856=CARTESIAN_POINT('',(1.E0,-9.E-1,-3.2E-1));
#857=LINE('',#856,#855);
#858=CARTESIAN_POINT('',(1.E0,2.E-1,-3.2E-1));
#859=DIRECTION('',(1.E0,0.E0,0.E0));
#860=DIRECTION('',(0.E0,0.E0,-1.E0));
#861=AXIS2_PLACEMENT_3D('',#858,#859,#860);
#863=DIRECTION('',(0.E0,1.E0,0.E0));
#864=VECTOR('',#863,9.5E-1);
#865=CARTESIAN_POINT('',(1.E0,-7.5E-1,-4.7E-1));
#866=LINE('',#865,#864);
#867=CARTESIAN_POINT('',(1.E0,-7.5E-1,-3.2E-1));
#868=DIRECTION('',(1.E0,0.E0,0.E0));
#869=DIRECTION('',(0.E0,-1.E0,0.E0));
#870=AXIS2_PLACEMENT_3D('',#867,#868,#869);
#872=CARTESIAN_POINT('',(9.E-1,2.E-1,-3.2E-1));
#873=DIRECTION('',(-1.E0,0.E0,0.E0));
#874=DIRECTION('',(0.E0,1.E0,0.E0));
#875=AXIS2_PLACEMENT_3D('',#872,#873,#874);
#877=DIRECTION('',(0.E0,1.E0,0.E0));
#878=VECTOR('',#877,1.25E0);
#879=CARTESIAN_POINT('',(9.E-1,-9.E-1,-1.8E-1));
#880=LINE('',#879,#878);
#881=CARTESIAN_POINT('',(9.E-1,-7.5E-1,-3.2E-1));
#882=DIRECTION('',(-1.E0,0.E0,0.E0));
#883=DIRECTION('',(0.E0,0.E0,-1.E0));
#884=AXIS2_PLACEMENT_3D('',#881,#882,#883);
#886=DIRECTION('',(-1.E0,0.E0,0.E0));
#887=VECTOR('',#886,1.E-1);
#888=CARTESIAN_POINT('',(1.E0,3.5E-1,-3.2E-1));
#889=LINE('',#888,#887);
#890=DIRECTION('',(0.E0,0.E0,1.E0));
#891=VECTOR('',#890,1.4E-1);
#892=CARTESIAN_POINT('',(1.E0,3.5E-1,-3.2E-1));
#893=LINE('',#892,#891);
#894=CARTESIAN_POINT('',(8.2E-1,3.5E-1,-1.8E-1));
#895=DIRECTION('',(0.E0,-1.E0,0.E0));
#896=DIRECTION('',(1.E0,0.E0,0.E0));
#897=AXIS2_PLACEMENT_3D('',#894,#895,#896);
#899=CARTESIAN_POINT('',(8.2E-1,3.5E-1,-1.8E-1));
#900=DIRECTION('',(0.E0,1.E0,0.E0));
#901=DIRECTION('',(0.E0,0.E0,1.E0));
#902=AXIS2_PLACEMENT_3D('',#899,#900,#901);
#904=DIRECTION('',(0.E0,0.E0,-1.E0));
#905=VECTOR('',#904,1.4E-1);
#906=CARTESIAN_POINT('',(9.E-1,3.5E-1,-1.8E-1));
#907=LINE('',#906,#905);
#908=DIRECTION('',(0.E0,1.E0,0.E0));
#909=VECTOR('',#908,1.25E0);
#910=CARTESIAN_POINT('',(1.E0,-9.E-1,-1.8E-1));
#911=LINE('',#910,#909);
#912=DIRECTION('',(0.E0,0.E0,-1.E0));
#913=VECTOR('',#912,1.E-1);
#914=CARTESIAN_POINT('',(7.5E-1,3.5E-1,0.E0));
#915=LINE('',#914,#913);
#916=DIRECTION('',(0.E0,0.E0,-1.E0));
#917=VECTOR('',#916,1.E-1);
#918=CARTESIAN_POINT('',(7.5E-1,2.2E0,0.E0));
#919=LINE('',#918,#917);
#920=DIRECTION('',(0.E0,0.E0,-1.E0));
#921=VECTOR('',#920,1.E-1);
#922=CARTESIAN_POINT('',(-7.5E-1,2.2E0,0.E0));
#923=LINE('',#922,#921);
#924=DIRECTION('',(-1.E0,0.E0,0.E0));
#925=VECTOR('',#924,1.E-1);
#926=CARTESIAN_POINT('',(-9.E-1,3.5E-1,-3.2E-1));
#927=LINE('',#926,#925);
#928=DIRECTION('',(0.E0,0.E0,-1.E0));
#929=VECTOR('',#928,1.4E-1);
#930=CARTESIAN_POINT('',(-9.E-1,3.5E-1,-1.8E-1));
#931=LINE('',#930,#929);
#932=CARTESIAN_POINT('',(-8.2E-1,3.5E-1,-1.8E-1));
#933=DIRECTION('',(0.E0,-1.E0,0.E0));
#934=DIRECTION('',(0.E0,0.E0,1.E0));
#935=AXIS2_PLACEMENT_3D('',#932,#933,#934);
#937=DIRECTION('',(0.E0,0.E0,-1.E0));
#938=VECTOR('',#937,1.E-1);
#939=CARTESIAN_POINT('',(-7.5E-1,3.5E-1,0.E0));
#940=LINE('',#939,#938);
#941=CARTESIAN_POINT('',(-8.2E-1,3.5E-1,-1.8E-1));
#942=DIRECTION('',(0.E0,1.E0,0.E0));
#943=DIRECTION('',(-1.E0,0.E0,0.E0));
#944=AXIS2_PLACEMENT_3D('',#941,#942,#943);
#946=DIRECTION('',(0.E0,0.E0,1.E0));
#947=VECTOR('',#946,1.4E-1);
#948=CARTESIAN_POINT('',(-1.E0,3.5E-1,-3.2E-1));
#949=LINE('',#948,#947);
#950=CARTESIAN_POINT('',(-1.E0,-7.5E-1,-3.2E-1));
#951=DIRECTION('',(-1.E0,0.E0,0.E0));
#952=DIRECTION('',(0.E0,0.E0,-1.E0));
#953=AXIS2_PLACEMENT_3D('',#950,#951,#952);
#955=DIRECTION('',(0.E0,1.E0,0.E0));
#956=VECTOR('',#955,9.5E-1);
#957=CARTESIAN_POINT('',(-1.E0,-7.5E-1,-4.7E-1));
#958=LINE('',#957,#956);
#959=CARTESIAN_POINT('',(-1.E0,2.E-1,-3.2E-1));
#960=DIRECTION('',(-1.E0,0.E0,0.E0));
#961=DIRECTION('',(0.E0,1.E0,0.E0));
#962=AXIS2_PLACEMENT_3D('',#959,#960,#961);
#964=CARTESIAN_POINT('',(-9.E-1,-7.5E-1,-3.2E-1));
#965=DIRECTION('',(1.E0,0.E0,0.E0));
#966=DIRECTION('',(0.E0,-1.E0,0.E0));
#967=AXIS2_PLACEMENT_3D('',#964,#965,#966);
#969=DIRECTION('',(0.E0,1.E0,0.E0));
#970=VECTOR('',#969,1.25E0);
#971=CARTESIAN_POINT('',(-9.E-1,-9.E-1,-1.8E-1));
#972=LINE('',#971,#970);
#973=CARTESIAN_POINT('',(-9.E-1,2.E-1,-3.2E-1));
#974=DIRECTION('',(1.E0,0.E0,0.E0));
#975=DIRECTION('',(0.E0,0.E0,-1.E0));
#976=AXIS2_PLACEMENT_3D('',#973,#974,#975);
#978=DIRECTION('',(1.E0,0.E0,0.E0));
#979=VECTOR('',#978,1.E-1);
#980=CARTESIAN_POINT('',(-1.E0,-9.E-1,-3.2E-1));
#981=LINE('',#980,#979);
#982=DIRECTION('',(0.E0,0.E0,1.E0));
#983=VECTOR('',#982,1.4E-1);
#984=CARTESIAN_POINT('',(-1.E0,-9.E-1,-3.2E-1));
#985=LINE('',#984,#983);
#986=CARTESIAN_POINT('',(-8.2E-1,-9.E-1,-1.8E-1));
#987=DIRECTION('',(0.E0,1.E0,0.E0));
#988=DIRECTION('',(-1.E0,0.E0,0.E0));
#989=AXIS2_PLACEMENT_3D('',#986,#987,#988);
#991=CARTESIAN_POINT('',(-8.2E-1,-9.E-1,-1.8E-1));
#992=DIRECTION('',(0.E0,-1.E0,0.E0));
#993=DIRECTION('',(0.E0,0.E0,1.E0));
#994=AXIS2_PLACEMENT_3D('',#991,#992,#993);
#996=DIRECTION('',(0.E0,0.E0,-1.E0));
#997=VECTOR('',#996,1.4E-1);
#998=CARTESIAN_POINT('',(-9.E-1,-9.E-1,-1.8E-1));
#999=LINE('',#998,#997);
#1000=DIRECTION('',(0.E0,1.E0,0.E0));
#1001=VECTOR('',#1000,1.25E0);
#1002=CARTESIAN_POINT('',(-1.E0,-9.E-1,-1.8E-1));
#1003=LINE('',#1002,#1001);
#1004=DIRECTION('',(0.E0,0.E0,-1.E0));
#1005=VECTOR('',#1004,1.E-1);
#1006=CARTESIAN_POINT('',(-6.75E-1,-9.E-1,0.E0));
#1007=LINE('',#1006,#1005);
#1008=DIRECTION('',(0.E0,0.E0,-1.E0));
#1009=VECTOR('',#1008,1.E-1);
#1010=CARTESIAN_POINT('',(-6.75E-1,-9.5E-1,0.E0));
#1011=LINE('',#1010,#1009);
#1012=DIRECTION('',(0.E0,0.E0,-1.E0));
#1013=VECTOR('',#1012,1.E-1);
#1014=CARTESIAN_POINT('',(-4.25E-1,-9.5E-1,0.E0));
#1015=LINE('',#1014,#1013);
#1016=DIRECTION('',(0.E0,0.E0,-1.E0));
#1017=VECTOR('',#1016,1.E-1);
#1018=CARTESIAN_POINT('',(-4.25E-1,1.005E0,0.E0));
#1019=LINE('',#1018,#1017);
#1020=DIRECTION('',(0.E0,0.E0,-1.E0));
#1021=VECTOR('',#1020,1.E-1);
#1022=CARTESIAN_POINT('',(-4.75E-1,1.594393939394E0,0.E0));
#1023=LINE('',#1022,#1021);
#1024=DIRECTION('',(0.E0,0.E0,-1.E0));
#1025=VECTOR('',#1024,1.E-1);
#1026=CARTESIAN_POINT('',(-4.75E-1,1.650393939394E0,0.E0));
#1027=LINE('',#1026,#1025);
#1028=DIRECTION('',(0.E0,0.E0,-1.E0));
#1029=VECTOR('',#1028,1.E-1);
#1030=CARTESIAN_POINT('',(-4.75E-1,1.675393939394E0,0.E0));
#1031=LINE('',#1030,#1029);
#1032=DIRECTION('',(0.E0,0.E0,-1.E0));
#1033=VECTOR('',#1032,1.E-1);
#1034=CARTESIAN_POINT('',(-3.25E-1,1.675393939394E0,0.E0));
#1035=LINE('',#1034,#1033);
#1036=DIRECTION('',(0.E0,0.E0,-1.E0));
#1037=VECTOR('',#1036,1.E-1);
#1038=CARTESIAN_POINT('',(-3.25E-1,1.650393939394E0,0.E0));
#1039=LINE('',#1038,#1037);
#1040=DIRECTION('',(1.E0,0.E0,0.E0));
#1041=VECTOR('',#1040,1.E-1);
#1042=CARTESIAN_POINT('',(-1.E0,-7.5E-1,-4.7E-1));
#1043=LINE('',#1042,#1041);
#1044=DIRECTION('',(0.E0,1.E0,0.E0));
#1045=VECTOR('',#1044,9.5E-1);
#1046=CARTESIAN_POINT('',(-9.E-1,-7.5E-1,-4.7E-1));
#1047=LINE('',#1046,#1045);
#1048=DIRECTION('',(-1.E0,0.E0,0.E0));
#1049=VECTOR('',#1048,1.E-1);
#1050=CARTESIAN_POINT('',(-9.E-1,2.E-1,-4.7E-1));
#1051=LINE('',#1050,#1049);
#1052=DIRECTION('',(-1.E0,0.E0,0.E0));
#1053=VECTOR('',#1052,1.E-1);
#1054=CARTESIAN_POINT('',(1.E0,2.E-1,-4.7E-1));
#1055=LINE('',#1054,#1053);
#1056=DIRECTION('',(0.E0,1.E0,0.E0));
#1057=VECTOR('',#1056,9.5E-1);
#1058=CARTESIAN_POINT('',(9.E-1,-7.5E-1,-4.7E-1));
#1059=LINE('',#1058,#1057);
#1060=DIRECTION('',(1.E0,0.E0,0.E0));
#1061=VECTOR('',#1060,1.E-1);
#1062=CARTESIAN_POINT('',(9.E-1,-7.5E-1,-4.7E-1));
#1063=LINE('',#1062,#1061);
#1064=CARTESIAN_POINT('',(4.75E-1,1.675393939394E0,0.E0));
#1065=CARTESIAN_POINT('',(4.75E-1,1.650393939394E0,0.E0));
#1066=VERTEX_POINT('',#1064);
#1067=VERTEX_POINT('',#1065);
#1068=CARTESIAN_POINT('',(4.75E-1,1.594393939394E0,0.E0));
#1069=VERTEX_POINT('',#1068);
#1070=CARTESIAN_POINT('',(4.25E-1,1.005E0,0.E0));
#1071=VERTEX_POINT('',#1070);
#1072=CARTESIAN_POINT('',(4.25E-1,-9.5E-1,0.E0));
#1073=VERTEX_POINT('',#1072);
#1074=CARTESIAN_POINT('',(6.75E-1,-9.5E-1,0.E0));
#1075=VERTEX_POINT('',#1074);
#1076=CARTESIAN_POINT('',(6.75E-1,-9.E-1,0.E0));
#1077=VERTEX_POINT('',#1076);
#1078=CARTESIAN_POINT('',(7.5E-1,3.5E-1,0.E0));
#1079=CARTESIAN_POINT('',(7.5E-1,2.2E0,0.E0));
#1080=VERTEX_POINT('',#1078);
#1081=VERTEX_POINT('',#1079);
#1082=CARTESIAN_POINT('',(-7.5E-1,2.2E0,0.E0));
#1083=VERTEX_POINT('',#1082);
#1084=CARTESIAN_POINT('',(-7.5E-1,3.5E-1,0.E0));
#1085=VERTEX_POINT('',#1084);
#1086=CARTESIAN_POINT('',(-6.75E-1,-9.E-1,0.E0));
#1087=CARTESIAN_POINT('',(-6.75E-1,-9.5E-1,0.E0));
#1088=VERTEX_POINT('',#1086);
#1089=VERTEX_POINT('',#1087);
#1090=CARTESIAN_POINT('',(-4.25E-1,-9.5E-1,0.E0));
#1091=VERTEX_POINT('',#1090);
#1092=CARTESIAN_POINT('',(-4.25E-1,1.005E0,0.E0));
#1093=VERTEX_POINT('',#1092);
#1094=CARTESIAN_POINT('',(-4.75E-1,1.594393939394E0,0.E0));
#1095=VERTEX_POINT('',#1094);
#1096=CARTESIAN_POINT('',(-4.75E-1,1.650393939394E0,0.E0));
#1097=VERTEX_POINT('',#1096);
#1098=CARTESIAN_POINT('',(-4.75E-1,1.675393939394E0,0.E0));
#1099=VERTEX_POINT('',#1098);
#1100=CARTESIAN_POINT('',(-3.25E-1,1.675393939394E0,0.E0));
#1101=VERTEX_POINT('',#1100);
#1102=CARTESIAN_POINT('',(-3.25E-1,1.650393939394E0,0.E0));
#1103=VERTEX_POINT('',#1102);
#1104=CARTESIAN_POINT('',(-3.25E-1,1.600393939394E0,0.E0));
#1105=VERTEX_POINT('',#1104);
#1106=CARTESIAN_POINT('',(3.25E-1,1.600393939394E0,0.E0));
#1107=CARTESIAN_POINT('',(3.25E-1,1.650393939394E0,0.E0));
#1108=VERTEX_POINT('',#1106);
#1109=VERTEX_POINT('',#1107);
#1110=CARTESIAN_POINT('',(3.25E-1,1.675393939394E0,0.E0));
#1111=VERTEX_POINT('',#1110);
#1112=CARTESIAN_POINT('',(4.75E-1,1.675393939394E0,-1.E-1));
#1113=CARTESIAN_POINT('',(4.75E-1,1.650393939394E0,-1.E-1));
#1114=VERTEX_POINT('',#1112);
#1115=VERTEX_POINT('',#1113);
#1116=CARTESIAN_POINT('',(4.75E-1,1.594393939394E0,-1.E-1));
#1117=VERTEX_POINT('',#1116);
#1118=CARTESIAN_POINT('',(4.25E-1,1.005E0,-1.E-1));
#1119=VERTEX_POINT('',#1118);
#1120=CARTESIAN_POINT('',(4.25E-1,-9.5E-1,-1.E-1));
#1121=VERTEX_POINT('',#1120);
#1122=CARTESIAN_POINT('',(6.75E-1,-9.5E-1,-1.E-1));
#1123=VERTEX_POINT('',#1122);
#1124=CARTESIAN_POINT('',(6.75E-1,-9.E-1,-1.E-1));
#1125=VERTEX_POINT('',#1124);
#1126=CARTESIAN_POINT('',(7.5E-1,3.5E-1,-1.E-1));
#1127=CARTESIAN_POINT('',(7.5E-1,2.2E0,-1.E-1));
#1128=VERTEX_POINT('',#1126);
#1129=VERTEX_POINT('',#1127);
#1130=CARTESIAN_POINT('',(-7.5E-1,2.2E0,-1.E-1));
#1131=VERTEX_POINT('',#1130);
#1132=CARTESIAN_POINT('',(-7.5E-1,3.5E-1,-1.E-1));
#1133=VERTEX_POINT('',#1132);
#1134=CARTESIAN_POINT('',(-6.75E-1,-9.E-1,-1.E-1));
#1135=CARTESIAN_POINT('',(-6.75E-1,-9.5E-1,-1.E-1));
#1136=VERTEX_POINT('',#1134);
#1137=VERTEX_POINT('',#1135);
#1138=CARTESIAN_POINT('',(-4.25E-1,-9.5E-1,-1.E-1));
#1139=VERTEX_POINT('',#1138);
#1140=CARTESIAN_POINT('',(-4.25E-1,1.005E0,-1.E-1));
#1141=VERTEX_POINT('',#1140);
#1142=CARTESIAN_POINT('',(-4.75E-1,1.594393939394E0,-1.E-1));
#1143=VERTEX_POINT('',#1142);
#1144=CARTESIAN_POINT('',(-4.75E-1,1.650393939394E0,-1.E-1));
#1145=VERTEX_POINT('',#1144);
#1146=CARTESIAN_POINT('',(-4.75E-1,1.675393939394E0,-1.E-1));
#1147=VERTEX_POINT('',#1146);
#1148=CARTESIAN_POINT('',(-3.25E-1,1.675393939394E0,-1.E-1));
#1149=VERTEX_POINT('',#1148);
#1150=CARTESIAN_POINT('',(-3.25E-1,1.650393939394E0,-1.E-1));
#1151=VERTEX_POINT('',#1150);
#1152=CARTESIAN_POINT('',(-3.25E-1,1.600393939394E0,-1.E-1));
#1153=VERTEX_POINT('',#1152);
#1154=CARTESIAN_POINT('',(3.25E-1,1.600393939394E0,-1.E-1));
#1155=CARTESIAN_POINT('',(3.25E-1,1.650393939394E0,-1.E-1));
#1156=VERTEX_POINT('',#1154);
#1157=VERTEX_POINT('',#1155);
#1158=CARTESIAN_POINT('',(3.25E-1,1.675393939394E0,-1.E-1));
#1159=VERTEX_POINT('',#1158);
#1160=CARTESIAN_POINT('',(1.E0,-9.E-1,-1.8E-1));
#1161=CARTESIAN_POINT('',(1.E0,3.5E-1,-1.8E-1));
#1162=VERTEX_POINT('',#1160);
#1163=VERTEX_POINT('',#1161);
#1164=CARTESIAN_POINT('',(9.E-1,-9.E-1,-1.8E-1));
#1165=CARTESIAN_POINT('',(9.E-1,3.5E-1,-1.8E-1));
#1166=VERTEX_POINT('',#1164);
#1167=VERTEX_POINT('',#1165);
#1168=CARTESIAN_POINT('',(8.2E-1,3.5E-1,0.E0));
#1169=CARTESIAN_POINT('',(8.2E-1,-9.E-1,0.E0));
#1170=VERTEX_POINT('',#1168);
#1171=VERTEX_POINT('',#1169);
#1172=CARTESIAN_POINT('',(8.2E-1,3.5E-1,-1.E-1));
#1173=CARTESIAN_POINT('',(8.2E-1,-9.E-1,-1.E-1));
#1174=VERTEX_POINT('',#1172);
#1175=VERTEX_POINT('',#1173);
#1176=CARTESIAN_POINT('',(-1.E0,-9.E-1,-1.8E-1));
#1177=CARTESIAN_POINT('',(-1.E0,3.5E-1,-1.8E-1));
#1178=VERTEX_POINT('',#1176);
#1179=VERTEX_POINT('',#1177);
#1180=CARTESIAN_POINT('',(-9.E-1,-9.E-1,-1.8E-1));
#1181=CARTESIAN_POINT('',(-9.E-1,3.5E-1,-1.8E-1));
#1182=VERTEX_POINT('',#1180);
#1183=VERTEX_POINT('',#1181);
#1184=CARTESIAN_POINT('',(-8.2E-1,-9.E-1,0.E0));
#1185=VERTEX_POINT('',#1184);
#1186=CARTESIAN_POINT('',(-8.2E-1,-9.E-1,-1.E-1));
#1187=VERTEX_POINT('',#1186);
#1188=CARTESIAN_POINT('',(-8.2E-1,3.5E-1,0.E0));
#1189=VERTEX_POINT('',#1188);
#1190=CARTESIAN_POINT('',(-8.2E-1,3.5E-1,-1.E-1));
#1191=VERTEX_POINT('',#1190);
#1192=CARTESIAN_POINT('',(-2.864320067246E-1,1.145759109572E0,
-1.407468379144E-1));
#1193=CARTESIAN_POINT('',(-2.245765405694E-1,4.166143721663E-1,
-1.304795355767E0));
#1194=VERTEX_POINT('',#1192);
#1195=VERTEX_POINT('',#1193);
#1196=VERTEX_POINT('',#627);
#1197=VERTEX_POINT('',#589);
#1198=VERTEX_POINT('',#595);
#1199=CARTESIAN_POINT('',(-2.936213378164E-1,1.230506073048E0,
-1.938312252763E-1));
#1200=VERTEX_POINT('',#1199);
#1201=CARTESIAN_POINT('',(2.864320067246E-1,1.145759109572E0,
-1.407468379144E-1));
#1202=CARTESIAN_POINT('',(2.245765405694E-1,4.166143721663E-1,
-1.304795355767E0));
#1203=VERTEX_POINT('',#1201);
#1204=VERTEX_POINT('',#1202);
#1205=VERTEX_POINT('',#271);
#1206=VERTEX_POINT('',#293);
#1207=VERTEX_POINT('',#299);
#1208=CARTESIAN_POINT('',(2.936213378164E-1,1.230506073048E0,
-1.938312252763E-1));
#1209=VERTEX_POINT('',#1208);
#1210=CARTESIAN_POINT('',(-3.08E-1,1.4E0,0.E0));
#1211=CARTESIAN_POINT('',(3.08E-1,1.4E0,0.E0));
#1212=VERTEX_POINT('',#1210);
#1213=VERTEX_POINT('',#1211);
#1214=CARTESIAN_POINT('',(-3.08E-1,1.4E0,-1.E-1));
#1215=CARTESIAN_POINT('',(3.08E-1,1.4E0,-1.E-1));
#1216=VERTEX_POINT('',#1214);
#1217=VERTEX_POINT('',#1215);
#1218=CARTESIAN_POINT('',(9.E-1,3.5E-1,-3.2E-1));
#1219=CARTESIAN_POINT('',(9.E-1,2.E-1,-4.7E-1));
#1220=VERTEX_POINT('',#1218);
#1221=VERTEX_POINT('',#1219);
#1222=CARTESIAN_POINT('',(1.E0,2.E-1,-4.7E-1));
#1223=VERTEX_POINT('',#1222);
#1224=CARTESIAN_POINT('',(1.E0,3.5E-1,-3.2E-1));
#1225=VERTEX_POINT('',#1224);
#1226=CARTESIAN_POINT('',(1.E0,-9.E-1,-3.2E-1));
#1227=CARTESIAN_POINT('',(1.E0,-7.5E-1,-4.7E-1));
#1228=VERTEX_POINT('',#1226);
#1229=VERTEX_POINT('',#1227);
#1230=CARTESIAN_POINT('',(9.E-1,-7.5E-1,-4.7E-1));
#1231=VERTEX_POINT('',#1230);
#1232=CARTESIAN_POINT('',(9.E-1,-9.E-1,-3.2E-1));
#1233=VERTEX_POINT('',#1232);
#1234=CARTESIAN_POINT('',(-9.E-1,-9.E-1,-3.2E-1));
#1235=CARTESIAN_POINT('',(-9.E-1,-7.5E-1,-4.7E-1));
#1236=VERTEX_POINT('',#1234);
#1237=VERTEX_POINT('',#1235);
#1238=CARTESIAN_POINT('',(-1.E0,-7.5E-1,-4.7E-1));
#1239=VERTEX_POINT('',#1238);
#1240=CARTESIAN_POINT('',(-1.E0,-9.E-1,-3.2E-1));
#1241=VERTEX_POINT('',#1240);
#1242=CARTESIAN_POINT('',(-1.E0,3.5E-1,-3.2E-1));
#1243=CARTESIAN_POINT('',(-1.E0,2.E-1,-4.7E-1));
#1244=VERTEX_POINT('',#1242);
#1245=VERTEX_POINT('',#1243);
#1246=CARTESIAN_POINT('',(-9.E-1,2.E-1,-4.7E-1));
#1247=VERTEX_POINT('',#1246);
#1248=CARTESIAN_POINT('',(-9.E-1,3.5E-1,-3.2E-1));
#1249=VERTEX_POINT('',#1248);
#1250=VERTEX_POINT('',#633);
#1251=VERTEX_POINT('',#637);
#1252=CARTESIAN_POINT('',(-8.335461519973E-2,-1.63E-1,-1.520011461003E0));
#1253=VERTEX_POINT('',#1252);
#1254=VERTEX_POINT('',#321);
#1255=VERTEX_POINT('',#327);
#1256=VERTEX_POINT('',#331);
#1257=CARTESIAN_POINT('',(8.507201892782E-2,-1.427554530234E-1,
-1.422082107295E0));
#1258=VERTEX_POINT('',#1257);
#1259=VERTEX_POINT('',#647);
#1260=CARTESIAN_POINT('',(-1.E-1,2.889953860538E-2,-1.559682091687E0));
#1261=CARTESIAN_POINT('',(-1.E-1,5.013613356423E-1,-1.357879743128E0));
#1262=VERTEX_POINT('',#1260);
#1263=VERTEX_POINT('',#1261);
#1264=CARTESIAN_POINT('',(1.E-1,2.889953860538E-2,-1.559682091687E0));
#1265=CARTESIAN_POINT('',(1.E-1,5.013613356423E-1,-1.357879743128E0));
#1266=VERTEX_POINT('',#1264);
#1267=VERTEX_POINT('',#1265);
#1268=CARTESIAN_POINT('',(-1.E-1,2.849464766584E-2,-1.561640678761E0));
#1269=CARTESIAN_POINT('',(-1.E-1,5.030562749118E-1,-1.358941430876E0));
#1270=VERTEX_POINT('',#1268);
#1271=VERTEX_POINT('',#1269);
#1272=CARTESIAN_POINT('',(1.E-1,2.849464766584E-2,-1.561640678761E0));
#1273=CARTESIAN_POINT('',(1.E-1,5.030562749118E-1,-1.358941430876E0));
#1274=VERTEX_POINT('',#1272);
#1275=VERTEX_POINT('',#1273);
#1276=VERTEX_POINT('',#395);
#1277=VERTEX_POINT('',#399);
#1278=VERTEX_POINT('',#428);
#1279=VERTEX_POINT('',#542);
#1280=VERTEX_POINT('',#550);
#1281=VERTEX_POINT('',#333);
#1282=VERTEX_POINT('',#337);
#1283=VERTEX_POINT('',#552);
#1284=VERTEX_POINT('',#352);
#1285=VERTEX_POINT('',#356);
#1286=VERTEX_POINT('',#523);
#1287=VERTEX_POINT('',#484);
#1288=VERTEX_POINT('',#488);
#1289=VERTEX_POINT('',#490);
#1290=VERTEX_POINT('',#454);
#1291=VERTEX_POINT('',#401);
#1292=VERTEX_POINT('',#405);
#1293=VERTEX_POINT('',#505);
#1294=CARTESIAN_POINT('',(0.E0,0.E0,0.E0));
#1295=DIRECTION('',(0.E0,0.E0,1.E0));
#1296=DIRECTION('',(1.E0,0.E0,0.E0));
#1297=AXIS2_PLACEMENT_3D('',#1294,#1295,#1296);
#1298=PLANE('',#1297);
#1300=ORIENTED_EDGE('',*,*,#1299,.F.);
#1302=ORIENTED_EDGE('',*,*,#1301,.F.);
#1304=ORIENTED_EDGE('',*,*,#1303,.F.);
#1306=ORIENTED_EDGE('',*,*,#1305,.F.);
#1308=ORIENTED_EDGE('',*,*,#1307,.F.);
#1310=ORIENTED_EDGE('',*,*,#1309,.F.);
#1312=ORIENTED_EDGE('',*,*,#1311,.F.);
#1314=ORIENTED_EDGE('',*,*,#1313,.F.);
#1316=ORIENTED_EDGE('',*,*,#1315,.F.);
#1318=ORIENTED_EDGE('',*,*,#1317,.F.);
#1320=ORIENTED_EDGE('',*,*,#1319,.F.);
#1322=ORIENTED_EDGE('',*,*,#1321,.F.);
#1324=ORIENTED_EDGE('',*,*,#1323,.T.);
#1326=ORIENTED_EDGE('',*,*,#1325,.F.);
#1328=ORIENTED_EDGE('',*,*,#1327,.F.);
#1330=ORIENTED_EDGE('',*,*,#1329,.F.);
#1332=ORIENTED_EDGE('',*,*,#1331,.F.);
#1334=ORIENTED_EDGE('',*,*,#1333,.F.);
#1336=ORIENTED_EDGE('',*,*,#1335,.T.);
#1338=ORIENTED_EDGE('',*,*,#1337,.F.);
#1340=ORIENTED_EDGE('',*,*,#1339,.F.);
#1342=ORIENTED_EDGE('',*,*,#1341,.F.);
#1344=ORIENTED_EDGE('',*,*,#1343,.F.);
#1346=ORIENTED_EDGE('',*,*,#1345,.F.);
#1348=ORIENTED_EDGE('',*,*,#1347,.F.);
#1350=ORIENTED_EDGE('',*,*,#1349,.F.);
#1352=ORIENTED_EDGE('',*,*,#1351,.F.);
#1354=ORIENTED_EDGE('',*,*,#1353,.F.);
#1356=ORIENTED_EDGE('',*,*,#1355,.F.);
#1358=ORIENTED_EDGE('',*,*,#1357,.F.);
#1359=EDGE_LOOP('',(#1300,#1302,#1304,#1306,#1308,#1310,#1312,#1314,#1316,#1318,
#1320,#1322,#1324,#1326,#1328,#1330,#1332,#1334,#1336,#1338,#1340,#1342,#1344,
#1346,#1348,#1350,#1352,#1354,#1356,#1358));
#1360=FACE_OUTER_BOUND('',#1359,.F.);
#1362=CARTESIAN_POINT('',(-2.390014033503E-1,1.4E0,-3.E-1));
#1363=DIRECTION('',(1.E0,0.E0,0.E0));
#1364=DIRECTION('',(0.E0,0.E0,1.E0));
#1365=AXIS2_PLACEMENT_3D('',#1362,#1363,#1364);
#1366=CYLINDRICAL_SURFACE('',#1365,3.E-1);
#1367=ORIENTED_EDGE('',*,*,#1299,.T.);
#1369=ORIENTED_EDGE('',*,*,#1368,.T.);
#1371=ORIENTED_EDGE('',*,*,#1370,.F.);
#1373=ORIENTED_EDGE('',*,*,#1372,.F.);
#1374=EDGE_LOOP('',(#1367,#1369,#1371,#1373));
#1375=FACE_OUTER_BOUND('',#1374,.F.);
#1377=CARTESIAN_POINT('',(3.08E-1,1.4E0,0.E0));
#1378=DIRECTION('',(9.964209951390E-1,-8.452928750537E-2,0.E0));
#1379=DIRECTION('',(8.452928750537E-2,9.964209951390E-1,0.E0));
#1380=AXIS2_PLACEMENT_3D('',#1377,#1378,#1379);
#1381=PLANE('',#1380);
#1383=ORIENTED_EDGE('',*,*,#1382,.F.);
#1385=ORIENTED_EDGE('',*,*,#1384,.F.);
#1387=ORIENTED_EDGE('',*,*,#1386,.F.);
#1389=ORIENTED_EDGE('',*,*,#1388,.F.);
#1390=ORIENTED_EDGE('',*,*,#1368,.F.);
#1391=ORIENTED_EDGE('',*,*,#1357,.T.);
#1393=ORIENTED_EDGE('',*,*,#1392,.T.);
#1395=ORIENTED_EDGE('',*,*,#1394,.F.);
#1397=ORIENTED_EDGE('',*,*,#1396,.F.);
#1399=ORIENTED_EDGE('',*,*,#1398,.F.);
#1401=ORIENTED_EDGE('',*,*,#1400,.F.);
#1403=ORIENTED_EDGE('',*,*,#1402,.F.);
#1404=EDGE_LOOP('',(#1383,#1385,#1387,#1389,#1390,#1391,#1393,#1395,#1397,#1399,
#1401,#1403));
#1405=FACE_OUTER_BOUND('',#1404,.F.);
#1407=CARTESIAN_POINT('',(1.462399950669E-1,6.762145891122E-1,
2.045577950199E0));
#1408=DIRECTION('',(-1.717150512087E-2,-2.024156209702E-1,-9.791491489038E-1));
#1409=DIRECTION('',(9.964209951390E-1,-8.452928750537E-2,0.E0));
#1410=AXIS2_PLACEMENT_3D('',#1407,#1408,#1409);
#1411=CYLINDRICAL_SURFACE('',#1410,1.E-1);
#1413=ORIENTED_EDGE('',*,*,#1412,.T.);
#1415=ORIENTED_EDGE('',*,*,#1414,.F.);
#1417=ORIENTED_EDGE('',*,*,#1416,.T.);
#1418=ORIENTED_EDGE('',*,*,#1382,.T.);
#1419=EDGE_LOOP('',(#1413,#1415,#1417,#1418));
#1420=FACE_OUTER_BOUND('',#1419,.F.);
#1422=CARTESIAN_POINT('',(-2.390014033503E-1,-1.63E-1,-1.520011461003E0));
#1423=DIRECTION('',(0.E0,-2.024454697658E-1,-9.792935370824E-1));
#1424=DIRECTION('',(0.E0,9.792935370824E-1,-2.024454697658E-1));
#1425=AXIS2_PLACEMENT_3D('',#1422,#1423,#1424);
#1426=PLANE('',#1425);
#1428=ORIENTED_EDGE('',*,*,#1427,.T.);
#1430=ORIENTED_EDGE('',*,*,#1429,.F.);
#1432=ORIENTED_EDGE('',*,*,#1431,.F.);
#1434=ORIENTED_EDGE('',*,*,#1433,.F.);
#1436=ORIENTED_EDGE('',*,*,#1435,.F.);
#1438=ORIENTED_EDGE('',*,*,#1437,.F.);
#1440=ORIENTED_EDGE('',*,*,#1439,.F.);
#1442=ORIENTED_EDGE('',*,*,#1441,.F.);
#1444=ORIENTED_EDGE('',*,*,#1443,.T.);
#1445=ORIENTED_EDGE('',*,*,#1412,.F.);
#1446=ORIENTED_EDGE('',*,*,#1402,.T.);
#1448=ORIENTED_EDGE('',*,*,#1447,.F.);
#1449=EDGE_LOOP('',(#1428,#1430,#1432,#1434,#1436,#1438,#1440,#1442,#1444,#1445,
#1446,#1448));
#1450=FACE_OUTER_BOUND('',#1449,.F.);
#1452=CARTESIAN_POINT('',(1.E-1,0.E0,0.E0));
#1453=DIRECTION('',(1.E0,0.E0,0.E0));
#1454=DIRECTION('',(0.E0,0.E0,1.E0));
#1455=AXIS2_PLACEMENT_3D('',#1452,#1453,#1454);
#1456=PLANE('',#1455);
#1458=ORIENTED_EDGE('',*,*,#1457,.F.);
#1460=ORIENTED_EDGE('',*,*,#1459,.F.);
#1462=ORIENTED_EDGE('',*,*,#1461,.F.);
#1464=ORIENTED_EDGE('',*,*,#1463,.F.);
#1466=ORIENTED_EDGE('',*,*,#1465,.F.);
#1467=ORIENTED_EDGE('',*,*,#1427,.F.);
#1469=ORIENTED_EDGE('',*,*,#1468,.T.);
#1471=ORIENTED_EDGE('',*,*,#1470,.T.);
#1472=EDGE_LOOP('',(#1458,#1460,#1462,#1464,#1466,#1467,#1469,#1471));
#1473=FACE_OUTER_BOUND('',#1472,.F.);
#1475=CARTESIAN_POINT('',(6.020611845422E-2,6.033223844073E-1,
-1.175970830224E0));
#1476=CARTESIAN_POINT('',(5.729551620816E-2,6.034438793543E-1,
-1.177794089857E0));
#1477=CARTESIAN_POINT('',(4.917578941799E-2,6.035793571131E-1,
-1.182730462459E0));
#1478=CARTESIAN_POINT('',(3.627746874086E-2,6.029486316871E-1,
-1.189905621192E0));
#1479=CARTESIAN_POINT('',(2.211676463183E-2,6.012382175235E-1,
-1.196785698966E0));
#1480=CARTESIAN_POINT('',(9.602235342733E-3,5.989938677865E-1,
-1.201852703780E0));
#1481=CARTESIAN_POINT('',(-9.230959185178E-4,5.966353322260E-1,
-1.204906860322E0));
#1482=CARTESIAN_POINT('',(-8.733063115531E-3,5.945708879816E-1,
-1.205645688899E0));
#1483=CARTESIAN_POINT('',(-1.159753579426E-2,5.935610589300E-1,
-1.202859004849E0));
#1484=CARTESIAN_POINT('',(-4.395506929387E-3,5.939279645753E-1,
-1.199700735624E0));
#1485=CARTESIAN_POINT('',(1.711958888145E-4,5.939143219587E-1,
-1.199735770947E0));
#1486=CARTESIAN_POINT('',(3.906946198513E-4,5.939128146619E-1,
-1.199741308601E0));
#1487=CARTESIAN_POINT('',(8.490982477961E-2,6.050054435113E-1,
-1.197929483707E0));
#1488=CARTESIAN_POINT('',(8.184500094208E-2,6.054545740981E-1,
-1.199901134034E0));
#1489=CARTESIAN_POINT('',(7.325546179491E-2,6.064989840684E-1,
-1.205267133008E0));
#1490=CARTESIAN_POINT('',(5.941795090232E-2,6.072839279917E-1,
-1.213201164190E0));
#1491=CARTESIAN_POINT('',(4.387574097054E-2,6.070766303627E-1,
-1.221065958884E0));
#1492=CARTESIAN_POINT('',(2.968185384504E-2,6.061082128571E-1,
-1.227218283006E0));
#1493=CARTESIAN_POINT('',(1.704510052938E-2,6.047667973537E-1,
-1.231541932957E0));
#1494=CARTESIAN_POINT('',(6.241895902048E-3,6.034275903538E-1,
-1.233875664606E0));
#1495=CARTESIAN_POINT('',(-1.476062158149E-3,6.026905636072E-1,
-1.233333264378E0));
#1496=CARTESIAN_POINT('',(-8.649862065920E-4,6.029103730377E-1,
-1.231565568992E0));
#1497=CARTESIAN_POINT('',(3.486330287916E-5,6.029013170233E-1,
-1.231587040898E0));
#1498=CARTESIAN_POINT('',(7.895999466117E-5,6.029003329080E-1,
-1.231590232955E0));
#1499=CARTESIAN_POINT('',(1.069078238257E-1,5.913353455715E-1,
-1.218533032144E0));
#1500=CARTESIAN_POINT('',(1.039273417396E-1,5.920741504863E-1,
-1.220606831787E0));
#1501=CARTESIAN_POINT('',(9.552941123847E-2,5.939372744433E-1,
-1.226290726247E0));
#1502=CARTESIAN_POINT('',(8.178340372032E-2,5.960586638271E-1,
-1.234883462211E0));
#1503=CARTESIAN_POINT('',(6.595495346984E-2,5.973413007125E-1,
-1.243741784276E0));
#1504=CARTESIAN_POINT('',(5.100215032234E-2,5.976850960262E-1,
-1.251115223678E0));
#1505=CARTESIAN_POINT('',(3.695568896034E-2,5.974111997058E-1,
-1.256989868856E0));
#1506=CARTESIAN_POINT('',(2.353212921318E-2,5.968233312504E-1,
-1.261385654394E0));
#1507=CARTESIAN_POINT('',(1.070832963431E-2,5.962884264730E-1,
-1.263862722584E0));
#1508=CARTESIAN_POINT('',(3.415729709865E-3,5.962525901901E-1,
-1.264003609945E0));
#1509=CARTESIAN_POINT('',(-1.305662218973E-4,5.962502306872E-1,
-1.264006344002E0));
#1510=CARTESIAN_POINT('',(-2.992406827598E-4,5.962500514748E-1,
-1.264006310373E0));
#1511=CARTESIAN_POINT('',(1.212819606187E-1,5.653683531160E-1,
-1.233175081835E0));
#1512=CARTESIAN_POINT('',(1.186055271026E-1,5.662941077365E-1,
-1.235281951606E0));
#1513=CARTESIAN_POINT('',(1.110177877627E-1,5.687026852499E-1,
-1.241100937869E0));
#1514=CARTESIAN_POINT('',(9.837351954017E-2,5.717825033070E-1,
-1.250104942454E0));
#1515=CARTESIAN_POINT('',(8.341809003411E-2,5.742087838060E-1,
-1.259743476609E0));
#1516=CARTESIAN_POINT('',(6.879648568431E-2,5.756076973887E-1,
-1.268200819063E0));
#1517=CARTESIAN_POINT('',(5.435720270608E-2,5.762130510892E-1,
-1.275561200889E0));
#1518=CARTESIAN_POINT('',(3.927201036800E-2,5.762346435910E-1,
-1.282025171901E0));
#1519=CARTESIAN_POINT('',(2.223154058799E-2,5.757859914657E-1,
-1.287621821994E0));
#1520=CARTESIAN_POINT('',(7.489589033966E-3,5.754431154071E-1,
-1.289762593761E0));
#1521=CARTESIAN_POINT('',(-2.881071379483E-4,5.754480651670E-1,
-1.289745604811E0));
#1522=CARTESIAN_POINT('',(-6.593520154027E-4,5.754487926246E-1,
-1.289742186583E0));
#1523=(BOUNDED_SURFACE()B_SPLINE_SURFACE(3,3,((#1475,#1476,#1477,#1478,#1479,
#1480,#1481,#1482,#1483,#1484,#1485,#1486),(#1487,#1488,#1489,#1490,#1491,#1492,
#1493,#1494,#1495,#1496,#1497,#1498),(#1499,#1500,#1501,#1502,#1503,#1504,#1505,
#1506,#1507,#1508,#1509,#1510),(#1511,#1512,#1513,#1514,#1515,#1516,#1517,#1518,
#1519,#1520,#1521,#1522)),.UNSPECIFIED.,.F.,.F.,.F.)B_SPLINE_SURFACE_WITH_KNOTS(
(4,4),(4,1,1,1,1,1,1,1,1,4),(0.E0,1.E0),(8.315717882155E-1,8.464221686558E-1,
8.729534157013E-1,8.974458081103E-1,9.200861093453E-1,9.409396249488E-1,
9.602165241885E-1,9.798942029856E-1,1.E0,1.001007077595E0),.UNSPECIFIED.)GEOMETRIC_REPRESENTATION_ITEM()RATIONAL_B_SPLINE_SURFACE(((1.059202209770E0,
1.059202209770E0,1.059202209770E0,1.059202209770E0,1.059202209770E0,
1.059202209770E0,1.059202209770E0,1.059202209770E0,1.059202209770E0,
1.059202209770E0,1.059202209770E0,1.059202209770E0),(9.802659300766E-1,
9.802659300766E-1,9.802659300766E-1,9.802659300766E-1,9.802659300766E-1,
9.802659300766E-1,9.802659300766E-1,9.802659300766E-1,9.802659300766E-1,
9.802659300766E-1,9.802659300766E-1,9.802659300766E-1),(9.802659300766E-1,
9.802659300766E-1,9.802659300766E-1,9.802659300766E-1,9.802659300766E-1,
9.802659300766E-1,9.802659300766E-1,9.802659300766E-1,9.802659300766E-1,
9.802659300766E-1,9.802659300766E-1,9.802659300766E-1),(1.059202209770E0,
1.059202209770E0,1.059202209770E0,1.059202209770E0,1.059202209770E0,
1.059202209770E0,1.059202209770E0,1.059202209770E0,1.059202209770E0,
1.059202209770E0,1.059202209770E0,1.059202209770E0)))REPRESENTATION_ITEM('')SURFACE());
#1524=ORIENTED_EDGE('',*,*,#1457,.T.);
#1526=ORIENTED_EDGE('',*,*,#1525,.T.);
#1528=ORIENTED_EDGE('',*,*,#1527,.T.);
#1530=ORIENTED_EDGE('',*,*,#1529,.T.);
#1532=ORIENTED_EDGE('',*,*,#1531,.F.);
#1533=EDGE_LOOP('',(#1524,#1526,#1528,#1530,#1532));
#1534=FACE_OUTER_BOUND('',#1533,.F.);
#1536=CARTESIAN_POINT('',(-2.390014033503E-1,5.013613356423E-1,
-1.357879743128E0));
#1537=DIRECTION('',(0.E0,8.474696347607E-1,-5.308438736187E-1));
#1538=DIRECTION('',(0.E0,5.308438736187E-1,8.474696347607E-1));
#1539=AXIS2_PLACEMENT_3D('',#1536,#1537,#1538);
#1540=PLANE('',#1539);
#1542=ORIENTED_EDGE('',*,*,#1541,.T.);
#1544=ORIENTED_EDGE('',*,*,#1543,.F.);
#1546=ORIENTED_EDGE('',*,*,#1545,.T.);
#1547=ORIENTED_EDGE('',*,*,#1525,.F.);
#1548=ORIENTED_EDGE('',*,*,#1470,.F.);
#1550=ORIENTED_EDGE('',*,*,#1549,.T.);
#1551=ORIENTED_EDGE('',*,*,#1398,.T.);
#1553=ORIENTED_EDGE('',*,*,#1552,.F.);
#1555=ORIENTED_EDGE('',*,*,#1554,.F.);
#1557=ORIENTED_EDGE('',*,*,#1556,.T.);
#1558=EDGE_LOOP('',(#1542,#1544,#1546,#1547,#1548,#1550,#1551,#1553,#1555,
#1557));
#1559=FACE_OUTER_BOUND('',#1558,.F.);
#1561=CARTESIAN_POINT('',(-1.E-1,0.E0,0.E0));
#1562=DIRECTION('',(1.E0,0.E0,0.E0));
#1563=DIRECTION('',(0.E0,0.E0,1.E0));
#1564=AXIS2_PLACEMENT_3D('',#1561,#1562,#1563);
#1565=PLANE('',#1564);
#1567=ORIENTED_EDGE('',*,*,#1566,.F.);
#1568=ORIENTED_EDGE('',*,*,#1541,.F.);
#1570=ORIENTED_EDGE('',*,*,#1569,.F.);
#1571=ORIENTED_EDGE('',*,*,#1435,.T.);
#1573=ORIENTED_EDGE('',*,*,#1572,.F.);
#1575=ORIENTED_EDGE('',*,*,#1574,.T.);
#1577=ORIENTED_EDGE('',*,*,#1576,.T.);
#1579=ORIENTED_EDGE('',*,*,#1578,.T.);
#1580=EDGE_LOOP('',(#1567,#1568,#1570,#1571,#1573,#1575,#1577,#1579));
#1581=FACE_OUTER_BOUND('',#1580,.F.);
#1583=CARTESIAN_POINT('',(4.441576930043E-4,5.953128710159E-1,
-1.248489827015E0));
#1584=CARTESIAN_POINT('',(3.283778161105E-4,5.953096017612E-1,
-1.248501766153E0));
#1585=CARTESIAN_POINT('',(-1.193998125305E-3,5.952840426396E-1,
-1.248595810637E0));
#1586=CARTESIAN_POINT('',(-4.444922861662E-3,5.956799488345E-1,
-1.247129283604E0));
#1587=CARTESIAN_POINT('',(-1.086133070444E-2,5.974002391276E-1,
-1.240548371998E0));
#1588=CARTESIAN_POINT('',(-1.834069611738E-2,5.996569762116E-1,
-1.230348945646E0));
#1589=CARTESIAN_POINT('',(-2.643357837262E-2,6.017647774125E-1,
-1.217433718635E0));
#1590=CARTESIAN_POINT('',(-3.508535945231E-2,6.032183848446E-1,
-1.202023854277E0));
#1591=CARTESIAN_POINT('',(-4.389180993290E-2,6.034664146250E-1,
-1.184859264203E0));
#1592=CARTESIAN_POINT('',(-4.964896221045E-2,6.025890276372E-1,
-1.172714398221E0));
#1593=CARTESIAN_POINT('',(-5.241477704328E-2,6.018809525790E-1,
-1.166662918846E0));
#1594=CARTESIAN_POINT('',(1.662300467548E-3,5.881140496280E-1,
-1.281033632767E0));
#1595=CARTESIAN_POINT('',(1.226617015424E-3,5.881031684105E-1,
-1.281058766889E0));
#1596=CARTESIAN_POINT('',(-4.483242532380E-3,5.880175315147E-1,
-1.281256400336E0));
#1597=CARTESIAN_POINT('',(-1.593213120807E-2,5.893144192096E-1,
-1.278280119683E0));
#1598=CARTESIAN_POINT('',(-2.809847308363E-2,5.931490120850E-1,
-1.268896977039E0));
#1599=CARTESIAN_POINT('',(-3.843839932728E-2,5.973846773751E-1,
-1.256946189140E0));
#1600=CARTESIAN_POINT('',(-4.819514445815E-2,6.014635892267E-1,
-1.242757697131E0));
#1601=CARTESIAN_POINT('',(-5.801930197184E-2,6.049445985502E-1,
-1.226232898441E0));
#1602=CARTESIAN_POINT('',(-6.778884464853E-2,6.072301046760E-1,-1.20787565E0));
#1603=CARTESIAN_POINT('',(-7.415394880356E-2,6.076607587535E-1,
-1.194788660452E0));
#1604=CARTESIAN_POINT('',(-7.722149328844E-2,6.075693726052E-1,
-1.188227403903E0));
#1605=CARTESIAN_POINT('',(2.810347324854E-3,5.666671209330E-1,
-1.306551412790E0));
#1606=CARTESIAN_POINT('',(2.073168594953E-3,5.666495122475E-1,
-1.306587743882E0));
#1607=CARTESIAN_POINT('',(-7.583213064051E-3,5.665107604346E-1,
-1.306873257300E0));
#1608=CARTESIAN_POINT('',(-2.675832803566E-2,5.686032744338E-1,
-1.302623278098E0));
#1609=CARTESIAN_POINT('',(-4.434373394378E-2,5.742463034903E-1,
-1.291162003899E0));
#1610=CARTESIAN_POINT('',(-5.737961499705E-2,5.801266992980E-1,
-1.278363437494E0));
#1611=CARTESIAN_POINT('',(-6.870447889467E-2,5.858542204674E-1,
-1.263966177838E0));
#1612=CARTESIAN_POINT('',(-7.963355046998E-2,5.910838593945E-1,
-1.247562446360E0));
#1613=CARTESIAN_POINT('',(-9.031076586953E-2,5.952165577720E-1,
-1.229385131037E0));
#1614=CARTESIAN_POINT('',(-9.724883836367E-2,5.969099100026E-1,
-1.216335489640E0));
#1615=CARTESIAN_POINT('',(-1.006007499901E-1,5.974356532818E-1,
-1.209755905488E0));
#1616=CARTESIAN_POINT('',(3.627915584627E-3,5.358363539651E-1,
-1.319255608924E0));
#1617=CARTESIAN_POINT('',(2.676030487983E-3,5.358144281292E-1,
-1.319298599444E0));
#1618=CARTESIAN_POINT('',(-9.790821139274E-3,5.356415709811E-1,
-1.319636352232E0));
#1619=CARTESIAN_POINT('',(-3.446807859502E-2,5.382439041254E-1,
-1.314637610654E0));
#1620=CARTESIAN_POINT('',(-5.591260812906E-2,5.449793407309E-1,
-1.302293634853E0));
#1621=CARTESIAN_POINT('',(-7.086838214497E-2,5.517972363878E-1,
-1.289743153321E0));
#1622=CARTESIAN_POINT('',(-8.330996364265E-2,5.584769528308E-1,
-1.276248972900E0));
#1623=CARTESIAN_POINT('',(-9.502588695733E-2,5.647798512691E-1,
-1.261174851537E0));
#1624=CARTESIAN_POINT('',(-1.063494909636E-1,5.701505055064E-1,
-1.244509251101E0));
#1625=CARTESIAN_POINT('',(-1.136955962178E-1,5.727748268191E-1,
-1.232467958828E0));
#1626=CARTESIAN_POINT('',(-1.172500166073E-1,5.737781720504E-1,
-1.226365653433E0));
#1627=(BOUNDED_SURFACE()B_SPLINE_SURFACE(3,3,((#1583,#1584,#1585,#1586,#1587,
#1588,#1589,#1590,#1591,#1592,#1593),(#1594,#1595,#1596,#1597,#1598,#1599,#1600,
#1601,#1602,#1603,#1604),(#1605,#1606,#1607,#1608,#1609,#1610,#1611,#1612,#1613,
#1614,#1615),(#1616,#1617,#1618,#1619,#1620,#1621,#1622,#1623,#1624,#1625,
#1626)),.UNSPECIFIED.,.F.,.F.,.F.)B_SPLINE_SURFACE_WITH_KNOTS((4,4),(4,1,1,1,1,
1,1,1,4),(0.E0,1.E0),(-1.503265109498E-3,0.E0,1.820722844608E-2,
3.871790434529E-2,6.118327884814E-2,8.559451077809E-2,1.124319042668E-1,
1.424709279661E-1,1.719651265065E-1),.UNSPECIFIED.)GEOMETRIC_REPRESENTATION_ITEM()RATIONAL_B_SPLINE_SURFACE(((1.060109514484E0,1.060109514484E0,1.060109514484E0,
1.060109514484E0,1.060109514484E0,1.060109514484E0,1.060109514484E0,
1.060109514484E0,1.060109514484E0,1.060109514484E0,1.060109514484E0),(
9.799634951721E-1,9.799634951721E-1,9.799634951721E-1,9.799634951721E-1,
9.799634951721E-1,9.799634951721E-1,9.799634951721E-1,9.799634951721E-1,
9.799634951721E-1,9.799634951721E-1,9.799634951721E-1),(9.799634951721E-1,
9.799634951721E-1,9.799634951721E-1,9.799634951721E-1,9.799634951721E-1,
9.799634951721E-1,9.799634951721E-1,9.799634951721E-1,9.799634951721E-1,
9.799634951721E-1,9.799634951721E-1),(1.060109514484E0,1.060109514484E0,
1.060109514484E0,1.060109514484E0,1.060109514484E0,1.060109514484E0,
1.060109514484E0,1.060109514484E0,1.060109514484E0,1.060109514484E0,
1.060109514484E0)))REPRESENTATION_ITEM('')SURFACE());
#1628=ORIENTED_EDGE('',*,*,#1566,.T.);
#1630=ORIENTED_EDGE('',*,*,#1629,.F.);
#1631=ORIENTED_EDGE('',*,*,#1529,.F.);
#1633=ORIENTED_EDGE('',*,*,#1632,.T.);
#1634=ORIENTED_EDGE('',*,*,#1543,.T.);
#1635=EDGE_LOOP('',(#1628,#1630,#1631,#1633,#1634));
#1636=FACE_OUTER_BOUND('',#1635,.F.);
#1638=CARTESIAN_POINT('',(0.E0,3.465609616888E-1,-1.260914817453E0));
#1639=DIRECTION('',(0.E0,5.308438736187E-1,8.474696347607E-1));
#1640=DIRECTION('',(0.E0,-8.474696347607E-1,5.308438736187E-1));
#1641=AXIS2_PLACEMENT_3D('',#1638,#1639,#1640);
#1642=CYLINDRICAL_SURFACE('',#1641,2.1E-1);
#1643=ORIENTED_EDGE('',*,*,#1629,.T.);
#1644=ORIENTED_EDGE('',*,*,#1578,.F.);
#1646=ORIENTED_EDGE('',*,*,#1645,.T.);
#1647=ORIENTED_EDGE('',*,*,#1459,.T.);
#1648=ORIENTED_EDGE('',*,*,#1531,.T.);
#1649=EDGE_LOOP('',(#1643,#1644,#1646,#1647,#1648));
#1650=FACE_OUTER_BOUND('',#1649,.F.);
#1652=CARTESIAN_POINT('',(0.E0,1.2E-1,-1.119E0));
#1653=DIRECTION('',(1.E0,0.E0,0.E0));
#1654=DIRECTION('',(0.E0,2.024454697658E-1,9.792935370824E-1));
#1655=AXIS2_PLACEMENT_3D('',#1652,#1653,#1654);
#1656=TOROIDAL_SURFACE('',#1655,2.673381468738E-1,2.1E-1);
#1658=ORIENTED_EDGE('',*,*,#1657,.T.);
#1660=ORIENTED_EDGE('',*,*,#1659,.T.);
#1661=ORIENTED_EDGE('',*,*,#1461,.T.);
#1662=ORIENTED_EDGE('',*,*,#1645,.F.);
#1663=ORIENTED_EDGE('',*,*,#1576,.F.);
#1665=ORIENTED_EDGE('',*,*,#1664,.F.);
#1666=EDGE_LOOP('',(#1658,#1660,#1661,#1662,#1663,#1665));
#1667=FACE_OUTER_BOUND('',#1666,.F.);
#1669=CARTESIAN_POINT('',(-3.836988816307E-2,-3.047642397091E-2,
-1.544639555086E0));
#1670=CARTESIAN_POINT('',(-3.753183239487E-2,-2.925210897180E-2,
-1.545902841556E0));
#1671=CARTESIAN_POINT('',(-3.425425963628E-2,-2.445016483249E-2,
-1.550709579044E0));
#1672=CARTESIAN_POINT('',(-2.859066498779E-2,-1.613933764614E-2,
-1.558121402954E0));
#1673=CARTESIAN_POINT('',(-2.143561930157E-2,-5.991099439839E-3,
-1.565862399788E0));
#1674=CARTESIAN_POINT('',(-1.470174118674E-2,2.793393794122E-3,
-1.571705858420E0));
#1675=CARTESIAN_POINT('',(-8.505237758931E-3,9.596607035950E-3,
-1.575753735488E0));
#1676=CARTESIAN_POINT('',(-3.059808097203E-3,1.365064036475E-2,
-1.578001567391E0));
#1677=CARTESIAN_POINT('',(1.761708908324E-3,1.419008177033E-2,
-1.578293554146E0));
#1678=CARTESIAN_POINT('',(7.189540163207E-3,1.083699764093E-2,
-1.576455609609E0));
#1679=CARTESIAN_POINT('',(1.362619973074E-2,4.115221168254E-3,
-1.572533542244E0));
#1680=CARTESIAN_POINT('',(2.068898401496E-2,-4.954691692973E-3,
-1.566607979932E0));
#1681=CARTESIAN_POINT('',(2.821210821929E-2,-1.558287526474E-2,
-1.558601874097E0));
#1682=CARTESIAN_POINT('',(3.413256031831E-2,-2.427203090674E-2,
-1.550888835909E0));
#1683=CARTESIAN_POINT('',(3.754272328186E-2,-2.926800480474E-2,
-1.545886950125E0));
#1684=CARTESIAN_POINT('',(3.838612085595E-2,-3.049993865221E-2,
-1.544615287629E0));
#1685=CARTESIAN_POINT('',(-5.873769061415E-2,-1.650246847569E-2,
-1.562663014349E0));
#1686=CARTESIAN_POINT('',(-5.779392144302E-2,-1.502689938087E-2,
-1.563850668328E0));
#1687=CARTESIAN_POINT('',(-5.409484083391E-2,-9.249411171928E-3,
-1.568351368682E0));
#1688=CARTESIAN_POINT('',(-4.760604244885E-2,7.181766104950E-4,
-1.575192244464E0));
#1689=CARTESIAN_POINT('',(-3.899248580052E-2,1.301796255442E-2,
-1.582235023247E0));
#1690=CARTESIAN_POINT('',(-3.006533681091E-2,2.405039451014E-2,
-1.587558295986E0));
#1691=CARTESIAN_POINT('',(-2.027552207063E-2,3.328787175245E-2,
-1.591375624382E0));
#1692=CARTESIAN_POINT('',(-8.621558363705E-3,3.969628289116E-2,
-1.593715784560E0));
#1693=CARTESIAN_POINT('',(5.120564997161E-3,4.066108226703E-2,
-1.594048656205E0));
#1694=CARTESIAN_POINT('',(1.791960157174E-2,3.510552978094E-2,
-1.592069278875E0));
#1695=CARTESIAN_POINT('',(2.854376680749E-2,2.575304489547E-2,
-1.588317986678E0));
#1696=CARTESIAN_POINT('',(3.807181913150E-2,1.428539805133E-2,
-1.582911280093E0));
#1697=CARTESIAN_POINT('',(4.717093521775E-2,1.384163950401E-3,
-1.575633533803E0));
#1698=CARTESIAN_POINT('',(5.395774515813E-2,-9.034783504350E-3,
-1.568519495560E0));
#1699=CARTESIAN_POINT('',(5.780608639952E-2,-1.504616065875E-2,
-1.563835678791E0));
#1700=CARTESIAN_POINT('',(5.875576199573E-2,-1.653114292884E-2,
-1.562639917992E0));
#1701=CARTESIAN_POINT('',(-7.819120832122E-2,5.849919696846E-3,
-1.570205800034E0));
#1702=CARTESIAN_POINT('',(-7.714647108736E-2,7.468140458563E-3,
-1.571230524877E0));
#1703=CARTESIAN_POINT('',(-7.304480357899E-2,1.379595088464E-2,
-1.575094379217E0));
#1704=CARTESIAN_POINT('',(-6.576784380342E-2,2.468669790392E-2,
-1.580861535080E0));
#1705=CARTESIAN_POINT('',(-5.576124689484E-2,3.823273911544E-2,
-1.586688530858E0));
#1706=CARTESIAN_POINT('',(-4.473928017015E-2,5.070096569376E-2,
-1.591100413955E0));
#1707=CARTESIAN_POINT('',(-3.151745329149E-2,6.169246833137E-2,
-1.594406601739E0));
#1708=CARTESIAN_POINT('',(-1.393364873534E-2,6.998307249009E-2,
-1.596666980385E0));
#1709=CARTESIAN_POINT('',(8.328646308667E-3,7.130211207596E-2,
-1.597016243989E0));
#1710=CARTESIAN_POINT('',(2.816800417237E-2,6.395350254112E-2,
-1.595041035720E0));
#1711=CARTESIAN_POINT('',(4.279170327345E-2,5.265908573149E-2,
-1.591736279768E0));
#1712=CARTESIAN_POINT('',(5.467436089079E-2,3.963791233953E-2,
-1.587245768087E0));
#1713=CARTESIAN_POINT('',(6.527872458805E-2,2.541319489508E-2,
-1.581231210923E0));
#1714=CARTESIAN_POINT('',(7.289300266830E-2,1.403127564030E-2,
-1.575239018381E0));
#1715=CARTESIAN_POINT('',(7.715985292202E-2,7.446931408418E-3,
-1.571217539039E0));
#1716=CARTESIAN_POINT('',(7.821103585513E-2,5.818196037E-3,-1.570185572563E0));
#1717=CARTESIAN_POINT('',(-9.296687855137E-2,3.225634963782E-2,
-1.565808651788E0));
#1718=CARTESIAN_POINT('',(-9.184545231857E-2,3.388102162141E-2,
-1.566614671834E0));
#1719=CARTESIAN_POINT('',(-8.743800508686E-2,4.022746466582E-2,
-1.569634078301E0));
#1720=CARTESIAN_POINT('',(-7.956240742124E-2,5.112917113378E-2,
-1.574032469009E0));
#1721=CARTESIAN_POINT('',(-6.849774462386E-2,6.477506914078E-2,
-1.578361327536E0));
#1722=CARTESIAN_POINT('',(-5.588468591716E-2,7.758917112674E-2,
-1.581646938672E0));
#1723=CARTESIAN_POINT('',(-4.005611817311E-2,8.931511911969E-2,
-1.584260281406E0));
#1724=CARTESIAN_POINT('',(-1.796837894434E-2,9.865159420375E-2,
-1.586284203598E0));
#1725=CARTESIAN_POINT('',(1.076530338242E-2,1.001852233769E-1,
-1.586622194969E0));
#1726=CARTESIAN_POINT('',(3.595204711478E-2,9.179986077064E-2,
-1.584795951052E0));
#1727=CARTESIAN_POINT('',(5.361354094061E-2,7.962798318029E-2,
-1.582127103563E0));
#1728=CARTESIAN_POINT('',(6.728460885270E-2,6.619804272529E-2,
-1.578772874882E0));
#1729=CARTESIAN_POINT('',(7.903226409496E-2,5.185545600682E-2,
-1.574311954327E0));
#1730=CARTESIAN_POINT('',(8.727503500333E-2,4.046368570652E-2,
-1.569747416060E0));
#1731=CARTESIAN_POINT('',(9.185975841745E-2,3.385965929621E-2,
-1.566604403855E0));
#1732=CARTESIAN_POINT('',(9.298803994828E-2,3.222427724932E-2,
-1.565792435961E0));
#1733=(BOUNDED_SURFACE()B_SPLINE_SURFACE(3,3,((#1669,#1670,#1671,#1672,#1673,
#1674,#1675,#1676,#1677,#1678,#1679,#1680,#1681,#1682,#1683,#1684),(#1685,#1686,
#1687,#1688,#1689,#1690,#1691,#1692,#1693,#1694,#1695,#1696,#1697,#1698,#1699,
#1700),(#1701,#1702,#1703,#1704,#1705,#1706,#1707,#1708,#1709,#1710,#1711,#1712,
#1713,#1714,#1715,#1716),(#1717,#1718,#1719,#1720,#1721,#1722,#1723,#1724,#1725,
#1726,#1727,#1728,#1729,#1730,#1731,#1732)),.UNSPECIFIED.,.F.,.F.,.F.)B_SPLINE_SURFACE_WITH_KNOTS((4,4),(4,1,1,1,1,1,1,1,1,1,1,1,1,4),(0.E0,1.E0),(
-3.669402732041E-2,0.E0,1.057939649997E-1,2.030330865354E-1,2.929075094195E-1,
3.753774262452E-1,4.518127826144E-1,5.269909814930E-1,6.064446570269E-1,
6.928122635837E-1,7.865890088696E-1,8.886744675719E-1,1.E0,1.036930011695E0),
.UNSPECIFIED.)GEOMETRIC_REPRESENTATION_ITEM()RATIONAL_B_SPLINE_SURFACE(((
1.050824266163E0,1.050824266163E0,1.050824266163E0,1.050824266163E0,
1.050824266163E0,1.050824266163E0,1.050824266163E0,1.050824266163E0,
1.050824266163E0,1.050824266163E0,1.050824266163E0,1.050824266163E0,
1.050824266163E0,1.050824266163E0,1.050824266163E0,1.050824266163E0),(
9.830585779457E-1,9.830585779457E-1,9.830585779457E-1,9.830585779457E-1,
9.830585779457E-1,9.830585779457E-1,9.830585779457E-1,9.830585779457E-1,
9.830585779457E-1,9.830585779457E-1,9.830585779457E-1,9.830585779457E-1,
9.830585779457E-1,9.830585779457E-1,9.830585779457E-1,9.830585779457E-1),(
9.830585779457E-1,9.830585779457E-1,9.830585779457E-1,9.830585779457E-1,
9.830585779457E-1,9.830585779457E-1,9.830585779457E-1,9.830585779457E-1,
9.830585779457E-1,9.830585779457E-1,9.830585779457E-1,9.830585779457E-1,
9.830585779457E-1,9.830585779457E-1,9.830585779457E-1,9.830585779457E-1),(
1.050824266163E0,1.050824266163E0,1.050824266163E0,1.050824266163E0,
1.050824266163E0,1.050824266163E0,1.050824266163E0,1.050824266163E0,
1.050824266163E0,1.050824266163E0,1.050824266163E0,1.050824266163E0,
1.050824266163E0,1.050824266163E0,1.050824266163E0,1.050824266163E0)))REPRESENTATION_ITEM('')SURFACE());
#1735=ORIENTED_EDGE('',*,*,#1734,.T.);
#1737=ORIENTED_EDGE('',*,*,#1736,.T.);
#1738=ORIENTED_EDGE('',*,*,#1657,.F.);
#1740=ORIENTED_EDGE('',*,*,#1739,.F.);
#1741=EDGE_LOOP('',(#1735,#1737,#1738,#1740));
#1742=FACE_OUTER_BOUND('',#1741,.F.);
#1744=CARTESIAN_POINT('',(-1.E-1,9.752232693501E-2,-1.420228200572E0));
#1745=DIRECTION('',(1.E0,0.E0,0.E0));
#1746=DIRECTION('',(0.E0,0.E0,1.E0));
#1747=AXIS2_PLACEMENT_3D('',#1744,#1745,#1746);
#1748=CYLINDRICAL_SURFACE('',#1747,1.79E-1);
#1750=ORIENTED_EDGE('',*,*,#1749,.F.);
#1751=ORIENTED_EDGE('',*,*,#1734,.F.);
#1753=ORIENTED_EDGE('',*,*,#1752,.F.);
#1754=ORIENTED_EDGE('',*,*,#1431,.T.);
#1755=EDGE_LOOP('',(#1750,#1751,#1753,#1754));
#1756=FACE_OUTER_BOUND('',#1755,.F.);
#1758=CARTESIAN_POINT('',(2.901794481225E-2,-2.909780660621E-2,
-1.544670341926E0));
#1759=CARTESIAN_POINT('',(2.975731740795E-2,-2.939328100994E-2,
-1.544479916102E0));
#1760=CARTESIAN_POINT('',(3.822256530108E-2,-3.277025882638E-2,
-1.542239997786E0));
#1761=CARTESIAN_POINT('',(4.893220063989E-2,-3.694057037028E-2,
-1.538545402609E0));
#1762=CARTESIAN_POINT('',(5.888702917397E-2,-4.058839592302E-2,
-1.534108240686E0));
#1763=CARTESIAN_POINT('',(6.097856026953E-2,-4.134383048725E-2,
-1.533130329688E0));
#1764=CARTESIAN_POINT('',(5.035419676147E-2,-1.490530744674E-2,
-1.565776138170E0));
#1765=CARTESIAN_POINT('',(5.115561209721E-2,-1.517814162424E-2,
-1.565507744640E0));
#1766=CARTESIAN_POINT('',(6.031714304140E-2,-1.829063556220E-2,
-1.562377469966E0));
#1767=CARTESIAN_POINT('',(7.171264305846E-2,-2.205597137538E-2,
-1.557591826868E0));
#1768=CARTESIAN_POINT('',(8.215333648106E-2,-2.528078840685E-2,
-1.552178420950E0));
#1769=CARTESIAN_POINT('',(8.434049983220E-2,-2.594543988843E-2,
-1.550997251610E0));
#1770=CARTESIAN_POINT('',(7.136212698746E-2,9.213285011947E-3,
-1.574668747851E0));
#1771=CARTESIAN_POINT('',(7.216694057279E-2,8.965038056602E-3,
-1.574325552899E0));
#1772=CARTESIAN_POINT('',(8.135185251769E-2,6.140429571734E-3,
-1.570346896722E0));
#1773=CARTESIAN_POINT('',(9.256154859544E-2,2.823560116692E-3,
-1.564606028003E0));
#1774=CARTESIAN_POINT('',(1.026620395470E-1,6.406720802443E-5,
-1.558438470125E0));
#1775=CARTESIAN_POINT('',(1.047706033345E-1,-5.009012102043E-4,
-1.557105079620E0));
#1776=CARTESIAN_POINT('',(8.731836870576E-2,3.783521101761E-2,
-1.569348780416E0));
#1777=CARTESIAN_POINT('',(8.806717199691E-2,3.760797015516E-2,
-1.568950768477E0));
#1778=CARTESIAN_POINT('',(9.659730597056E-2,3.502992130353E-2,
-1.564356453479E0));
#1779=CARTESIAN_POINT('',(1.067913051517E-1,3.210417685881E-2,
-1.558010951809E0));
#1780=CARTESIAN_POINT('',(1.158020164855E-1,2.974770144457E-2,
-1.551480895515E0));
#1781=CARTESIAN_POINT('',(1.176754210053E-1,2.926890359734E-2,
-1.550080546022E0));
#1782=(BOUNDED_SURFACE()B_SPLINE_SURFACE(3,3,((#1758,#1759,#1760,#1761,#1762,
#1763),(#1764,#1765,#1766,#1767,#1768,#1769),(#1770,#1771,#1772,#1773,#1774,
#1775),(#1776,#1777,#1778,#1779,#1780,#1781)),.UNSPECIFIED.,.F.,.F.,.F.)B_SPLINE_SURFACE_WITH_KNOTS((4,4),(4,1,1,4),(0.E0,1.E0),(-5.608674084640E-3,0.E0,
5.849759796374E-2,7.407300603107E-2),.UNSPECIFIED.)GEOMETRIC_REPRESENTATION_ITEM()RATIONAL_B_SPLINE_SURFACE(((1.059556989133E0,1.059556989133E0,1.059556989133E0,
1.059556989133E0,1.059556989133E0,1.059556989133E0),(9.801476702890E-1,
9.801476702890E-1,9.801476702890E-1,9.801476702890E-1,9.801476702890E-1,
9.801476702890E-1),(9.801476702890E-1,9.801476702890E-1,9.801476702890E-1,
9.801476702890E-1,9.801476702890E-1,9.801476702890E-1),(1.059556989133E0,
1.059556989133E0,1.059556989133E0,1.059556989133E0,1.059556989133E0,
1.059556989133E0)))REPRESENTATION_ITEM('')SURFACE());
#1783=ORIENTED_EDGE('',*,*,#1465,.T.);
#1785=ORIENTED_EDGE('',*,*,#1784,.F.);
#1786=ORIENTED_EDGE('',*,*,#1736,.F.);
#1787=ORIENTED_EDGE('',*,*,#1749,.T.);
#1788=ORIENTED_EDGE('',*,*,#1429,.T.);
#1789=EDGE_LOOP('',(#1783,#1785,#1786,#1787,#1788));
#1790=FACE_OUTER_BOUND('',#1789,.F.);
#1792=CARTESIAN_POINT('',(0.E0,9.079578119030E-3,-1.369060682203E0));
#1793=DIRECTION('',(0.E0,9.792935370824E-1,-2.024454697658E-1));
#1794=DIRECTION('',(0.E0,2.024454697658E-1,9.792935370824E-1));
#1795=AXIS2_PLACEMENT_3D('',#1792,#1793,#1794);
#1796=CYLINDRICAL_SURFACE('',#1795,2.1E-1);
#1797=ORIENTED_EDGE('',*,*,#1784,.T.);
#1798=ORIENTED_EDGE('',*,*,#1463,.T.);
#1799=ORIENTED_EDGE('',*,*,#1659,.F.);
#1800=EDGE_LOOP('',(#1797,#1798,#1799));
#1801=FACE_OUTER_BOUND('',#1800,.F.);
#1803=CARTESIAN_POINT('',(0.E0,9.079578119030E-3,-1.369060682203E0));
#1804=DIRECTION('',(0.E0,9.792935370824E-1,-2.024454697658E-1));
#1805=DIRECTION('',(0.E0,2.024454697658E-1,9.792935370824E-1));
#1806=AXIS2_PLACEMENT_3D('',#1803,#1804,#1805);
#1807=CYLINDRICAL_SURFACE('',#1806,2.1E-1);
#1809=ORIENTED_EDGE('',*,*,#1808,.T.);
#1810=ORIENTED_EDGE('',*,*,#1664,.T.);
#1811=ORIENTED_EDGE('',*,*,#1574,.F.);
#1812=EDGE_LOOP('',(#1809,#1810,#1811));
#1813=FACE_OUTER_BOUND('',#1812,.F.);
#1815=CARTESIAN_POINT('',(-6.098024991428E-2,-4.134466434996E-2,
-1.533129163375E0));
#1816=CARTESIAN_POINT('',(-6.014206084915E-2,-4.104187167442E-2,
-1.533521116329E0));
#1817=CARTESIAN_POINT('',(-5.018928458660E-2,-3.742558398811E-2,
-1.538088283210E0));
#1818=CARTESIAN_POINT('',(-3.943932950054E-2,-3.325621363860E-2,
-1.541918901371E0));
#1819=CARTESIAN_POINT('',(-2.972831561653E-2,-2.938194681326E-2,
-1.544487325949E0));
#1820=CARTESIAN_POINT('',(-2.897461904356E-2,-2.908070548832E-2,
-1.544681264074E0));
#1821=CARTESIAN_POINT('',(-8.434231508962E-2,-2.594622903007E-2,
-1.550996091613E0));
#1822=CARTESIAN_POINT('',(-8.346583227738E-2,-2.567983172383E-2,
-1.551469473171E0));
#1823=CARTESIAN_POINT('',(-7.304621214345E-2,-2.249204887316E-2,
-1.557006930728E0));
#1824=CARTESIAN_POINT('',(-6.163422460761E-2,-1.873865591298E-2,
-1.561928576540E0));
#1825=CARTESIAN_POINT('',(-5.112433499278E-2,-1.516774387575E-2,
-1.565518331925E0));
#1826=CARTESIAN_POINT('',(-5.030737321101E-2,-1.488957105035E-2,
-1.565791738680E0));
#1827=CARTESIAN_POINT('',(-1.047723820290E-1,-5.015345629626E-4,
-1.557103908346E0));
#1828=CARTESIAN_POINT('',(-1.039274334438E-1,-2.751055920384E-4,
-1.557638257440E0));
#1829=CARTESIAN_POINT('',(-9.386884948136E-2,2.441766599511E-3,
-1.563911365341E0));
#1830=CARTESIAN_POINT('',(-8.267254554018E-2,5.733812854177E-3,
-1.569776064572E0));
#1831=CARTESIAN_POINT('',(-7.213570208385E-2,8.974520257394E-3,
-1.574339095967E0));
#1832=CARTESIAN_POINT('',(-7.131525412371E-2,9.227640042106E-3,
-1.574688758869E0));
#1833=CARTESIAN_POINT('',(-1.176769751565E-1,2.926845969671E-2,
-1.550079338240E0));
#1834=CARTESIAN_POINT('',(-1.169262986487E-1,2.946033380638E-2,
-1.550640485923E0));
#1835=CARTESIAN_POINT('',(-1.079754558932E-1,3.176976859138E-2,
-1.557249200960E0));
#1836=CARTESIAN_POINT('',(-9.782405750997E-2,3.465882755073E-2,
-1.563696944200E0));
#1837=CARTESIAN_POINT('',(-8.803824237592E-2,3.761672334979E-2,
-1.568966366412E0));
#1838=CARTESIAN_POINT('',(-8.727487109664E-2,3.784843845299E-2,
-1.569371927628E0));
#1839=(BOUNDED_SURFACE()B_SPLINE_SURFACE(3,3,((#1815,#1816,#1817,#1818,#1819,
#1820),(#1821,#1822,#1823,#1824,#1825,#1826),(#1827,#1828,#1829,#1830,#1831,
#1832),(#1833,#1834,#1835,#1836,#1837,#1838)),.UNSPECIFIED.,.F.,.F.,.F.)B_SPLINE_SURFACE_WITH_KNOTS((4,4),(4,1,1,4),(0.E0,1.E0),(9.259600858069E-1,
9.321977328589E-1,1.E0,1.005715703626E0),.UNSPECIFIED.)GEOMETRIC_REPRESENTATION_ITEM()RATIONAL_B_SPLINE_SURFACE(((1.059557456573E0,1.059557456573E0,
1.059557456573E0,1.059557456573E0,1.059557456573E0,1.059557456573E0),(
9.801475144756E-1,9.801475144756E-1,9.801475144756E-1,9.801475144756E-1,
9.801475144756E-1,9.801475144756E-1),(9.801475144756E-1,9.801475144756E-1,
9.801475144756E-1,9.801475144756E-1,9.801475144756E-1,9.801475144756E-1),(
1.059557456573E0,1.059557456573E0,1.059557456573E0,1.059557456573E0,
1.059557456573E0,1.059557456573E0)))REPRESENTATION_ITEM('')SURFACE());
#1840=ORIENTED_EDGE('',*,*,#1572,.T.);
#1841=ORIENTED_EDGE('',*,*,#1433,.T.);
#1842=ORIENTED_EDGE('',*,*,#1752,.T.);
#1843=ORIENTED_EDGE('',*,*,#1739,.T.);
#1844=ORIENTED_EDGE('',*,*,#1808,.F.);
#1845=EDGE_LOOP('',(#1840,#1841,#1842,#1843,#1844));
#1846=FACE_OUTER_BOUND('',#1845,.F.);
#1848=CARTESIAN_POINT('',(-1.E-1,3.948450133025E-1,-1.190729559015E0));
#1849=DIRECTION('',(1.E0,0.E0,0.E0));
#1850=DIRECTION('',(0.E0,0.E0,1.E0));
#1851=AXIS2_PLACEMENT_3D('',#1848,#1849,#1850);
#1852=CYLINDRICAL_SURFACE('',#1851,2.09E-1);
#1853=ORIENTED_EDGE('',*,*,#1632,.F.);
#1854=ORIENTED_EDGE('',*,*,#1527,.F.);
#1855=ORIENTED_EDGE('',*,*,#1545,.F.);
#1856=EDGE_LOOP('',(#1853,#1854,#1855));
#1857=FACE_OUTER_BOUND('',#1856,.F.);
#1859=CARTESIAN_POINT('',(-2.390014033503E-1,1.2E-1,-1.119E0));
#1860=DIRECTION('',(1.E0,0.E0,0.E0));
#1861=DIRECTION('',(0.E0,0.E0,1.E0));
#1862=AXIS2_PLACEMENT_3D('',#1859,#1860,#1861);
#1863=CYLINDRICAL_SURFACE('',#1862,4.5E-1);
#1864=ORIENTED_EDGE('',*,*,#1569,.T.);
#1865=ORIENTED_EDGE('',*,*,#1556,.F.);
#1867=ORIENTED_EDGE('',*,*,#1866,.F.);
#1868=ORIENTED_EDGE('',*,*,#1437,.T.);
#1869=EDGE_LOOP('',(#1864,#1865,#1867,#1868));
#1870=FACE_OUTER_BOUND('',#1869,.F.);
#1872=CARTESIAN_POINT('',(-2.390014033503E-1,1.2E-1,-1.119E0));
#1873=DIRECTION('',(1.E0,0.E0,0.E0));
#1874=DIRECTION('',(0.E0,0.E0,1.E0));
#1875=AXIS2_PLACEMENT_3D('',#1872,#1873,#1874);
#1876=CYLINDRICAL_SURFACE('',#1875,4.5E-1);
#1877=ORIENTED_EDGE('',*,*,#1468,.F.);
#1878=ORIENTED_EDGE('',*,*,#1447,.T.);
#1879=ORIENTED_EDGE('',*,*,#1400,.T.);
#1880=ORIENTED_EDGE('',*,*,#1549,.F.);
#1881=EDGE_LOOP('',(#1877,#1878,#1879,#1880));
#1882=FACE_OUTER_BOUND('',#1881,.F.);
#1884=CARTESIAN_POINT('',(-3.25E-1,1.600393939394E0,0.E0));
#1885=DIRECTION('',(-9.964209951390E-1,-8.452928750537E-2,0.E0));
#1886=DIRECTION('',(8.452928750537E-2,-9.964209951390E-1,0.E0));
#1887=AXIS2_PLACEMENT_3D('',#1884,#1885,#1886);
#1888=PLANE('',#1887);
#1890=ORIENTED_EDGE('',*,*,#1889,.F.);
#1891=ORIENTED_EDGE('',*,*,#1439,.T.);
#1892=ORIENTED_EDGE('',*,*,#1866,.T.);
#1893=ORIENTED_EDGE('',*,*,#1554,.T.);
#1895=ORIENTED_EDGE('',*,*,#1894,.T.);
#1897=ORIENTED_EDGE('',*,*,#1896,.F.);
#1899=ORIENTED_EDGE('',*,*,#1898,.F.);
#1900=ORIENTED_EDGE('',*,*,#1301,.T.);
#1901=ORIENTED_EDGE('',*,*,#1372,.T.);
#1903=ORIENTED_EDGE('',*,*,#1902,.T.);
#1905=ORIENTED_EDGE('',*,*,#1904,.T.);
#1907=ORIENTED_EDGE('',*,*,#1906,.T.);
#1908=EDGE_LOOP('',(#1890,#1891,#1892,#1893,#1895,#1897,#1899,#1900,#1901,#1903,
#1905,#1907));
#1909=FACE_OUTER_BOUND('',#1908,.F.);
#1911=CARTESIAN_POINT('',(-4.697379046654E-2,-4.939233984497E-1,
-3.614754039643E0));
#1912=DIRECTION('',(-1.717150512087E-2,2.024156209702E-1,9.791491489038E-1));
#1913=DIRECTION('',(-9.964209951390E-1,-8.452928750536E-2,0.E0));
#1914=AXIS2_PLACEMENT_3D('',#1911,#1912,#1913);
#1915=CYLINDRICAL_SURFACE('',#1914,1.E-1);
#1917=ORIENTED_EDGE('',*,*,#1916,.T.);
#1919=ORIENTED_EDGE('',*,*,#1918,.F.);
#1920=ORIENTED_EDGE('',*,*,#1441,.T.);
#1921=ORIENTED_EDGE('',*,*,#1889,.T.);
#1922=EDGE_LOOP('',(#1917,#1919,#1920,#1921));
#1923=FACE_OUTER_BOUND('',#1922,.F.);
#1925=CARTESIAN_POINT('',(-2.390014033503E-1,4.914408558196E-2,
-1.461752737979E0));
#1926=DIRECTION('',(0.E0,2.024454697658E-1,9.792935370824E-1));
#1927=DIRECTION('',(0.E0,-9.792935370824E-1,2.024454697658E-1));
#1928=AXIS2_PLACEMENT_3D('',#1925,#1926,#1927);
#1929=PLANE('',#1928);
#1930=ORIENTED_EDGE('',*,*,#1916,.F.);
#1931=ORIENTED_EDGE('',*,*,#1906,.F.);
#1933=ORIENTED_EDGE('',*,*,#1932,.T.);
#1934=ORIENTED_EDGE('',*,*,#1384,.T.);
#1935=ORIENTED_EDGE('',*,*,#1416,.F.);
#1937=ORIENTED_EDGE('',*,*,#1936,.F.);
#1938=EDGE_LOOP('',(#1930,#1931,#1933,#1934,#1935,#1937));
#1939=FACE_OUTER_BOUND('',#1938,.F.);
#1941=CARTESIAN_POINT('',(-2.390014033503E-1,1.2E-1,-1.119E0));
#1942=DIRECTION('',(1.E0,0.E0,0.E0));
#1943=DIRECTION('',(0.E0,0.E0,1.E0));
#1944=AXIS2_PLACEMENT_3D('',#1941,#1942,#1943);
#1945=CYLINDRICAL_SURFACE('',#1944,3.5E-1);
#1946=ORIENTED_EDGE('',*,*,#1904,.F.);
#1948=ORIENTED_EDGE('',*,*,#1947,.T.);
#1949=ORIENTED_EDGE('',*,*,#1386,.T.);
#1950=ORIENTED_EDGE('',*,*,#1932,.F.);
#1951=EDGE_LOOP('',(#1946,#1948,#1949,#1950));
#1952=FACE_OUTER_BOUND('',#1951,.F.);
#1954=CARTESIAN_POINT('',(-2.390014033503E-1,1.145759109572E0,
-1.407468379144E-1));
#1955=DIRECTION('',(0.E0,-8.474696347607E-1,5.308438736187E-1));
#1956=DIRECTION('',(0.E0,-5.308438736187E-1,-8.474696347607E-1));
#1957=AXIS2_PLACEMENT_3D('',#1954,#1955,#1956);
#1958=PLANE('',#1957);
#1959=ORIENTED_EDGE('',*,*,#1902,.F.);
#1960=ORIENTED_EDGE('',*,*,#1370,.T.);
#1961=ORIENTED_EDGE('',*,*,#1388,.T.);
#1962=ORIENTED_EDGE('',*,*,#1947,.F.);
#1963=EDGE_LOOP('',(#1959,#1960,#1961,#1962));
#1964=FACE_OUTER_BOUND('',#1963,.F.);
#1966=CARTESIAN_POINT('',(-2.390014033503E-1,-1.427554530234E-1,
-1.422082107295E0));
#1967=DIRECTION('',(0.E0,-9.792935370824E-1,2.024454697658E-1));
#1968=DIRECTION('',(0.E0,-2.024454697658E-1,-9.792935370824E-1));
#1969=AXIS2_PLACEMENT_3D('',#1966,#1967,#1968);
#1970=PLANE('',#1969);
#1971=ORIENTED_EDGE('',*,*,#1918,.T.);
#1972=ORIENTED_EDGE('',*,*,#1936,.T.);
#1973=ORIENTED_EDGE('',*,*,#1414,.T.);
#1974=ORIENTED_EDGE('',*,*,#1443,.F.);
#1975=EDGE_LOOP('',(#1971,#1972,#1973,#1974));
#1976=FACE_OUTER_BOUND('',#1975,.F.);
#1978=CARTESIAN_POINT('',(-2.390014033503E-1,1.4E0,-3.E-1));
#1979=DIRECTION('',(1.E0,0.E0,0.E0));
#1980=DIRECTION('',(0.E0,0.E0,1.E0));
#1981=AXIS2_PLACEMENT_3D('',#1978,#1979,#1980);
#1982=CYLINDRICAL_SURFACE('',#1981,2.E-1);
#1984=ORIENTED_EDGE('',*,*,#1983,.F.);
#1985=ORIENTED_EDGE('',*,*,#1894,.F.);
#1986=ORIENTED_EDGE('',*,*,#1552,.T.);
#1987=ORIENTED_EDGE('',*,*,#1396,.T.);
#1988=EDGE_LOOP('',(#1984,#1985,#1986,#1987));
#1989=FACE_OUTER_BOUND('',#1988,.F.);
#1991=CARTESIAN_POINT('',(0.E0,0.E0,-1.E-1));
#1992=DIRECTION('',(0.E0,0.E0,1.E0));
#1993=DIRECTION('',(1.E0,0.E0,0.E0));
#1994=AXIS2_PLACEMENT_3D('',#1991,#1992,#1993);
#1995=PLANE('',#1994);
#1996=ORIENTED_EDGE('',*,*,#1983,.T.);
#1997=ORIENTED_EDGE('',*,*,#1394,.T.);
#1999=ORIENTED_EDGE('',*,*,#1998,.T.);
#2001=ORIENTED_EDGE('',*,*,#2000,.T.);
#2003=ORIENTED_EDGE('',*,*,#2002,.T.);
#2005=ORIENTED_EDGE('',*,*,#2004,.T.);
#2007=ORIENTED_EDGE('',*,*,#2006,.T.);
#2009=ORIENTED_EDGE('',*,*,#2008,.T.);
#2011=ORIENTED_EDGE('',*,*,#2010,.T.);
#2013=ORIENTED_EDGE('',*,*,#2012,.T.);
#2015=ORIENTED_EDGE('',*,*,#2014,.T.);
#2017=ORIENTED_EDGE('',*,*,#2016,.T.);
#2019=ORIENTED_EDGE('',*,*,#2018,.F.);
#2021=ORIENTED_EDGE('',*,*,#2020,.T.);
#2023=ORIENTED_EDGE('',*,*,#2022,.T.);
#2025=ORIENTED_EDGE('',*,*,#2024,.T.);
#2027=ORIENTED_EDGE('',*,*,#2026,.T.);
#2029=ORIENTED_EDGE('',*,*,#2028,.T.);
#2031=ORIENTED_EDGE('',*,*,#2030,.F.);
#2033=ORIENTED_EDGE('',*,*,#2032,.T.);
#2035=ORIENTED_EDGE('',*,*,#2034,.T.);
#2037=ORIENTED_EDGE('',*,*,#2036,.T.);
#2039=ORIENTED_EDGE('',*,*,#2038,.T.);
#2041=ORIENTED_EDGE('',*,*,#2040,.T.);
#2043=ORIENTED_EDGE('',*,*,#2042,.T.);
#2045=ORIENTED_EDGE('',*,*,#2044,.T.);
#2047=ORIENTED_EDGE('',*,*,#2046,.T.);
#2049=ORIENTED_EDGE('',*,*,#2048,.T.);
#2051=ORIENTED_EDGE('',*,*,#2050,.T.);
#2052=ORIENTED_EDGE('',*,*,#1896,.T.);
#2053=EDGE_LOOP('',(#1996,#1997,#1999,#2001,#2003,#2005,#2007,#2009,#2011,#2013,
#2015,#2017,#2019,#2021,#2023,#2025,#2027,#2029,#2031,#2033,#2035,#2037,#2039,
#2041,#2043,#2045,#2047,#2049,#2051,#2052));
#2054=FACE_OUTER_BOUND('',#2053,.F.);
#2056=CARTESIAN_POINT('',(3.25E-1,1.600393939394E0,0.E0));
#2057=DIRECTION('',(1.E0,0.E0,0.E0));
#2058=DIRECTION('',(0.E0,1.E0,0.E0));
#2059=AXIS2_PLACEMENT_3D('',#2056,#2057,#2058);
#2060=PLANE('',#2059);
#2061=ORIENTED_EDGE('',*,*,#1355,.T.);
#2063=ORIENTED_EDGE('',*,*,#2062,.T.);
#2064=ORIENTED_EDGE('',*,*,#1998,.F.);
#2065=ORIENTED_EDGE('',*,*,#1392,.F.);
#2066=EDGE_LOOP('',(#2061,#2063,#2064,#2065));
#2067=FACE_OUTER_BOUND('',#2066,.F.);
#2069=CARTESIAN_POINT('',(3.25E-1,1.650393939394E0,0.E0));
#2070=DIRECTION('',(1.E0,0.E0,0.E0));
#2071=DIRECTION('',(0.E0,1.E0,0.E0));
#2072=AXIS2_PLACEMENT_3D('',#2069,#2070,#2071);
#2073=PLANE('',#2072);
#2074=ORIENTED_EDGE('',*,*,#1353,.T.);
#2076=ORIENTED_EDGE('',*,*,#2075,.T.);
#2077=ORIENTED_EDGE('',*,*,#2000,.F.);
#2078=ORIENTED_EDGE('',*,*,#2062,.F.);
#2079=EDGE_LOOP('',(#2074,#2076,#2077,#2078));
#2080=FACE_OUTER_BOUND('',#2079,.F.);
#2082=CARTESIAN_POINT('',(4.E-1,1.675393939394E0,0.E0));
#2083=DIRECTION('',(0.E0,0.E0,1.E0));
#2084=DIRECTION('',(1.E0,0.E0,0.E0));
#2085=AXIS2_PLACEMENT_3D('',#2082,#2083,#2084);
#2086=CYLINDRICAL_SURFACE('',#2085,7.5E-2);
#2087=ORIENTED_EDGE('',*,*,#1351,.T.);
#2089=ORIENTED_EDGE('',*,*,#2088,.T.);
#2090=ORIENTED_EDGE('',*,*,#2002,.F.);
#2091=ORIENTED_EDGE('',*,*,#2075,.F.);
#2092=EDGE_LOOP('',(#2087,#2089,#2090,#2091));
#2093=FACE_OUTER_BOUND('',#2092,.F.);
#2095=CARTESIAN_POINT('',(4.75E-1,1.675393939394E0,0.E0));
#2096=DIRECTION('',(-1.E0,0.E0,0.E0));
#2097=DIRECTION('',(0.E0,-1.E0,0.E0));
#2098=AXIS2_PLACEMENT_3D('',#2095,#2096,#2097);
#2099=PLANE('',#2098);
#2100=ORIENTED_EDGE('',*,*,#1349,.T.);
#2102=ORIENTED_EDGE('',*,*,#2101,.T.);
#2103=ORIENTED_EDGE('',*,*,#2004,.F.);
#2104=ORIENTED_EDGE('',*,*,#2088,.F.);
#2105=EDGE_LOOP('',(#2100,#2102,#2103,#2104));
#2106=FACE_OUTER_BOUND('',#2105,.F.);
#2108=CARTESIAN_POINT('',(4.75E-1,1.650393939394E0,0.E0));
#2109=DIRECTION('',(-1.E0,0.E0,0.E0));
#2110=DIRECTION('',(0.E0,-1.E0,0.E0));
#2111=AXIS2_PLACEMENT_3D('',#2108,#2109,#2110);
#2112=PLANE('',#2111);
#2113=ORIENTED_EDGE('',*,*,#1347,.T.);
#2115=ORIENTED_EDGE('',*,*,#2114,.T.);
#2116=ORIENTED_EDGE('',*,*,#2006,.F.);
#2117=ORIENTED_EDGE('',*,*,#2101,.F.);
#2118=EDGE_LOOP('',(#2113,#2115,#2116,#2117));
#2119=FACE_OUTER_BOUND('',#2118,.F.);
#2121=CARTESIAN_POINT('',(4.75E-1,1.594393939394E0,0.E0));
#2122=DIRECTION('',(-9.964209951390E-1,8.452928750537E-2,0.E0));
#2123=DIRECTION('',(-8.452928750537E-2,-9.964209951390E-1,0.E0));
#2124=AXIS2_PLACEMENT_3D('',#2121,#2122,#2123);
#2125=PLANE('',#2124);
#2126=ORIENTED_EDGE('',*,*,#1345,.T.);
#2128=ORIENTED_EDGE('',*,*,#2127,.T.);
#2129=ORIENTED_EDGE('',*,*,#2008,.F.);
#2130=ORIENTED_EDGE('',*,*,#2114,.F.);
#2131=EDGE_LOOP('',(#2126,#2128,#2129,#2130));
#2132=FACE_OUTER_BOUND('',#2131,.F.);
#2134=CARTESIAN_POINT('',(4.25E-1,1.005E0,0.E0));
#2135=DIRECTION('',(-1.E0,0.E0,0.E0));
#2136=DIRECTION('',(0.E0,-1.E0,0.E0));
#2137=AXIS2_PLACEMENT_3D('',#2134,#2135,#2136);
#2138=PLANE('',#2137);
#2139=ORIENTED_EDGE('',*,*,#1343,.T.);
#2141=ORIENTED_EDGE('',*,*,#2140,.T.);
#2142=ORIENTED_EDGE('',*,*,#2010,.F.);
#2143=ORIENTED_EDGE('',*,*,#2127,.F.);
#2144=EDGE_LOOP('',(#2139,#2141,#2142,#2143));
#2145=FACE_OUTER_BOUND('',#2144,.F.);
#2147=CARTESIAN_POINT('',(4.25E-1,-9.5E-1,0.E0));
#2148=DIRECTION('',(0.E0,-1.E0,0.E0));
#2149=DIRECTION('',(1.E0,0.E0,0.E0));
#2150=AXIS2_PLACEMENT_3D('',#2147,#2148,#2149);
#2151=PLANE('',#2150);
#2152=ORIENTED_EDGE('',*,*,#1341,.T.);
#2154=ORIENTED_EDGE('',*,*,#2153,.T.);
#2155=ORIENTED_EDGE('',*,*,#2012,.F.);
#2156=ORIENTED_EDGE('',*,*,#2140,.F.);
#2157=EDGE_LOOP('',(#2152,#2154,#2155,#2156));
#2158=FACE_OUTER_BOUND('',#2157,.F.);
#2160=CARTESIAN_POINT('',(6.75E-1,-9.5E-1,0.E0));
#2161=DIRECTION('',(1.E0,0.E0,0.E0));
#2162=DIRECTION('',(0.E0,1.E0,0.E0));
#2163=AXIS2_PLACEMENT_3D('',#2160,#2161,#2162);
#2164=PLANE('',#2163);
#2165=ORIENTED_EDGE('',*,*,#1339,.T.);
#2167=ORIENTED_EDGE('',*,*,#2166,.T.);
#2168=ORIENTED_EDGE('',*,*,#2014,.F.);
#2169=ORIENTED_EDGE('',*,*,#2153,.F.);
#2170=EDGE_LOOP('',(#2165,#2167,#2168,#2169));
#2171=FACE_OUTER_BOUND('',#2170,.F.);
#2173=CARTESIAN_POINT('',(6.75E-1,-9.E-1,0.E0));
#2174=DIRECTION('',(0.E0,-1.E0,0.E0));
#2175=DIRECTION('',(1.E0,0.E0,0.E0));
#2176=AXIS2_PLACEMENT_3D('',#2173,#2174,#2175);
#2177=PLANE('',#2176);
#2179=ORIENTED_EDGE('',*,*,#2178,.F.);
#2181=ORIENTED_EDGE('',*,*,#2180,.F.);
#2183=ORIENTED_EDGE('',*,*,#2182,.F.);
#2184=ORIENTED_EDGE('',*,*,#2016,.F.);
#2185=ORIENTED_EDGE('',*,*,#2166,.F.);
#2186=ORIENTED_EDGE('',*,*,#1337,.T.);
#2188=ORIENTED_EDGE('',*,*,#2187,.F.);
#2190=ORIENTED_EDGE('',*,*,#2189,.F.);
#2191=EDGE_LOOP('',(#2179,#2181,#2183,#2184,#2185,#2186,#2188,#2190));
#2192=FACE_OUTER_BOUND('',#2191,.F.);
#2194=CARTESIAN_POINT('',(-3.6072E0,-7.5E-1,-3.2E-1));
#2195=DIRECTION('',(1.E0,0.E0,0.E0));
#2196=DIRECTION('',(0.E0,-1.E0,0.E0));
#2197=AXIS2_PLACEMENT_3D('',#2194,#2195,#2196);
#2198=CYLINDRICAL_SURFACE('',#2197,1.5E-1);
#2200=ORIENTED_EDGE('',*,*,#2199,.T.);
#2202=ORIENTED_EDGE('',*,*,#2201,.F.);
#2204=ORIENTED_EDGE('',*,*,#2203,.T.);
#2205=ORIENTED_EDGE('',*,*,#2178,.T.);
#2206=EDGE_LOOP('',(#2200,#2202,#2204,#2205));
#2207=FACE_OUTER_BOUND('',#2206,.F.);
#2209=CARTESIAN_POINT('',(1.E0,-9.E-1,-4.7E-1));
#2210=DIRECTION('',(1.E0,0.E0,0.E0));
#2211=DIRECTION('',(0.E0,0.E0,1.E0));
#2212=AXIS2_PLACEMENT_3D('',#2209,#2210,#2211);
#2213=PLANE('',#2212);
#2215=ORIENTED_EDGE('',*,*,#2214,.F.);
#2217=ORIENTED_EDGE('',*,*,#2216,.F.);
#2218=ORIENTED_EDGE('',*,*,#2199,.F.);
#2219=ORIENTED_EDGE('',*,*,#2189,.T.);
#2221=ORIENTED_EDGE('',*,*,#2220,.T.);
#2223=ORIENTED_EDGE('',*,*,#2222,.F.);
#2224=EDGE_LOOP('',(#2215,#2217,#2218,#2219,#2221,#2223));
#2225=FACE_OUTER_BOUND('',#2224,.F.);
#2227=CARTESIAN_POINT('',(3.6072E0,2.E-1,-3.2E-1));
#2228=DIRECTION('',(-1.E0,0.E0,0.E0));
#2229=DIRECTION('',(0.E0,1.E0,0.E0));
#2230=AXIS2_PLACEMENT_3D('',#2227,#2228,#2229);
#2231=CYLINDRICAL_SURFACE('',#2230,1.5E-1);
#2233=ORIENTED_EDGE('',*,*,#2232,.T.);
#2235=ORIENTED_EDGE('',*,*,#2234,.F.);
#2236=ORIENTED_EDGE('',*,*,#2214,.T.);
#2238=ORIENTED_EDGE('',*,*,#2237,.T.);
#2239=EDGE_LOOP('',(#2233,#2235,#2236,#2238));
#2240=FACE_OUTER_BOUND('',#2239,.F.);
#2242=CARTESIAN_POINT('',(9.E-1,-9.E-1,-1.8E-1));
#2243=DIRECTION('',(-1.E0,0.E0,0.E0));
#2244=DIRECTION('',(0.E0,0.E0,-1.E0));
#2245=AXIS2_PLACEMENT_3D('',#2242,#2243,#2244);
#2246=PLANE('',#2245);
#2247=ORIENTED_EDGE('',*,*,#2232,.F.);
#2249=ORIENTED_EDGE('',*,*,#2248,.F.);
#2251=ORIENTED_EDGE('',*,*,#2250,.F.);
#2252=ORIENTED_EDGE('',*,*,#2180,.T.);
#2253=ORIENTED_EDGE('',*,*,#2203,.F.);
#2255=ORIENTED_EDGE('',*,*,#2254,.T.);
#2256=EDGE_LOOP('',(#2247,#2249,#2251,#2252,#2253,#2255));
#2257=FACE_OUTER_BOUND('',#2256,.F.);
#2259=CARTESIAN_POINT('',(8.2E-1,3.5E-1,0.E0));
#2260=DIRECTION('',(0.E0,1.E0,0.E0));
#2261=DIRECTION('',(-1.E0,0.E0,0.E0));
#2262=AXIS2_PLACEMENT_3D('',#2259,#2260,#2261);
#2263=PLANE('',#2262);
#2264=ORIENTED_EDGE('',*,*,#2237,.F.);
#2265=ORIENTED_EDGE('',*,*,#2222,.T.);
#2267=ORIENTED_EDGE('',*,*,#2266,.T.);
#2268=ORIENTED_EDGE('',*,*,#1333,.T.);
#2270=ORIENTED_EDGE('',*,*,#2269,.T.);
#2271=ORIENTED_EDGE('',*,*,#2020,.F.);
#2273=ORIENTED_EDGE('',*,*,#2272,.T.);
#2274=ORIENTED_EDGE('',*,*,#2248,.T.);
#2275=EDGE_LOOP('',(#2264,#2265,#2267,#2268,#2270,#2271,#2273,#2274));
#2276=FACE_OUTER_BOUND('',#2275,.F.);
#2278=CARTESIAN_POINT('',(8.2E-1,-9.E-1,-1.8E-1));
#2279=DIRECTION('',(0.E0,-1.E0,0.E0));
#2280=DIRECTION('',(0.E0,0.E0,-1.E0));
#2281=AXIS2_PLACEMENT_3D('',#2278,#2279,#2280);
#2282=CYLINDRICAL_SURFACE('',#2281,1.8E-1);
#2283=ORIENTED_EDGE('',*,*,#1335,.F.);
#2284=ORIENTED_EDGE('',*,*,#2266,.F.);
#2285=ORIENTED_EDGE('',*,*,#2220,.F.);
#2286=ORIENTED_EDGE('',*,*,#2187,.T.);
#2287=EDGE_LOOP('',(#2283,#2284,#2285,#2286));
#2288=FACE_OUTER_BOUND('',#2287,.F.);
#2290=CARTESIAN_POINT('',(7.5E-1,3.5E-1,0.E0));
#2291=DIRECTION('',(1.E0,0.E0,0.E0));
#2292=DIRECTION('',(0.E0,1.E0,0.E0));
#2293=AXIS2_PLACEMENT_3D('',#2290,#2291,#2292);
#2294=PLANE('',#2293);
#2295=ORIENTED_EDGE('',*,*,#1331,.T.);
#2297=ORIENTED_EDGE('',*,*,#2296,.T.);
#2298=ORIENTED_EDGE('',*,*,#2022,.F.);
#2299=ORIENTED_EDGE('',*,*,#2269,.F.);
#2300=EDGE_LOOP('',(#2295,#2297,#2298,#2299));
#2301=FACE_OUTER_BOUND('',#2300,.F.);
#2303=CARTESIAN_POINT('',(0.E0,2.2E0,0.E0));
#2304=DIRECTION('',(0.E0,0.E0,1.E0));
#2305=DIRECTION('',(1.E0,0.E0,0.E0));
#2306=AXIS2_PLACEMENT_3D('',#2303,#2304,#2305);
#2307=CYLINDRICAL_SURFACE('',#2306,7.5E-1);
#2308=ORIENTED_EDGE('',*,*,#1329,.T.);
#2310=ORIENTED_EDGE('',*,*,#2309,.T.);
#2311=ORIENTED_EDGE('',*,*,#2024,.F.);
#2312=ORIENTED_EDGE('',*,*,#2296,.F.);
#2313=EDGE_LOOP('',(#2308,#2310,#2311,#2312));
#2314=FACE_OUTER_BOUND('',#2313,.F.);
#2316=CARTESIAN_POINT('',(-7.5E-1,2.2E0,0.E0));
#2317=DIRECTION('',(-1.E0,0.E0,0.E0));
#2318=DIRECTION('',(0.E0,-1.E0,0.E0));
#2319=AXIS2_PLACEMENT_3D('',#2316,#2317,#2318);
#2320=PLANE('',#2319);
#2321=ORIENTED_EDGE('',*,*,#1327,.T.);
#2323=ORIENTED_EDGE('',*,*,#2322,.T.);
#2324=ORIENTED_EDGE('',*,*,#2026,.F.);
#2325=ORIENTED_EDGE('',*,*,#2309,.F.);
#2326=EDGE_LOOP('',(#2321,#2323,#2324,#2325));
#2327=FACE_OUTER_BOUND('',#2326,.F.);
#2329=CARTESIAN_POINT('',(-7.5E-1,3.5E-1,0.E0));
#2330=DIRECTION('',(0.E0,1.E0,0.E0));
#2331=DIRECTION('',(-1.E0,0.E0,0.E0));
#2332=AXIS2_PLACEMENT_3D('',#2329,#2330,#2331);
#2333=PLANE('',#2332);
#2335=ORIENTED_EDGE('',*,*,#2334,.F.);
#2337=ORIENTED_EDGE('',*,*,#2336,.F.);
#2339=ORIENTED_EDGE('',*,*,#2338,.F.);
#2340=ORIENTED_EDGE('',*,*,#2028,.F.);
#2341=ORIENTED_EDGE('',*,*,#2322,.F.);
#2342=ORIENTED_EDGE('',*,*,#1325,.T.);
#2344=ORIENTED_EDGE('',*,*,#2343,.F.);
#2346=ORIENTED_EDGE('',*,*,#2345,.F.);
#2347=EDGE_LOOP('',(#2335,#2337,#2339,#2340,#2341,#2342,#2344,#2346));
#2348=FACE_OUTER_BOUND('',#2347,.F.);
#2350=CARTESIAN_POINT('',(3.6072E0,2.E-1,-3.2E-1));
#2351=DIRECTION('',(-1.E0,0.E0,0.E0));
#2352=DIRECTION('',(0.E0,1.E0,0.E0));
#2353=AXIS2_PLACEMENT_3D('',#2350,#2351,#2352);
#2354=CYLINDRICAL_SURFACE('',#2353,1.5E-1);
#2356=ORIENTED_EDGE('',*,*,#2355,.T.);
#2358=ORIENTED_EDGE('',*,*,#2357,.F.);
#2360=ORIENTED_EDGE('',*,*,#2359,.T.);
#2361=ORIENTED_EDGE('',*,*,#2334,.T.);
#2362=EDGE_LOOP('',(#2356,#2358,#2360,#2361));
#2363=FACE_OUTER_BOUND('',#2362,.F.);
#2365=CARTESIAN_POINT('',(-1.E0,-9.E-1,-4.7E-1));
#2366=DIRECTION('',(1.E0,0.E0,0.E0));
#2367=DIRECTION('',(0.E0,0.E0,1.E0));
#2368=AXIS2_PLACEMENT_3D('',#2365,#2366,#2367);
#2369=PLANE('',#2368);
#2371=ORIENTED_EDGE('',*,*,#2370,.F.);
#2373=ORIENTED_EDGE('',*,*,#2372,.T.);
#2374=ORIENTED_EDGE('',*,*,#2355,.F.);
#2375=ORIENTED_EDGE('',*,*,#2345,.T.);
#2377=ORIENTED_EDGE('',*,*,#2376,.F.);
#2379=ORIENTED_EDGE('',*,*,#2378,.F.);
#2380=EDGE_LOOP('',(#2371,#2373,#2374,#2375,#2377,#2379));
#2381=FACE_OUTER_BOUND('',#2380,.F.);
#2383=CARTESIAN_POINT('',(-3.6072E0,-7.5E-1,-3.2E-1));
#2384=DIRECTION('',(1.E0,0.E0,0.E0));
#2385=DIRECTION('',(0.E0,-1.E0,0.E0));
#2386=AXIS2_PLACEMENT_3D('',#2383,#2384,#2385);
#2387=CYLINDRICAL_SURFACE('',#2386,1.5E-1);
#2389=ORIENTED_EDGE('',*,*,#2388,.T.);
#2391=ORIENTED_EDGE('',*,*,#2390,.F.);
#2392=ORIENTED_EDGE('',*,*,#2370,.T.);
#2394=ORIENTED_EDGE('',*,*,#2393,.T.);
#2395=EDGE_LOOP('',(#2389,#2391,#2392,#2394));
#2396=FACE_OUTER_BOUND('',#2395,.F.);
#2398=CARTESIAN_POINT('',(-9.E-1,-9.E-1,-1.8E-1));
#2399=DIRECTION('',(-1.E0,0.E0,0.E0));
#2400=DIRECTION('',(0.E0,0.E0,-1.E0));
#2401=AXIS2_PLACEMENT_3D('',#2398,#2399,#2400);
#2402=PLANE('',#2401);
#2403=ORIENTED_EDGE('',*,*,#2388,.F.);
#2405=ORIENTED_EDGE('',*,*,#2404,.F.);
#2407=ORIENTED_EDGE('',*,*,#2406,.T.);
#2408=ORIENTED_EDGE('',*,*,#2336,.T.);
#2409=ORIENTED_EDGE('',*,*,#2359,.F.);
#2411=ORIENTED_EDGE('',*,*,#2410,.F.);
#2412=EDGE_LOOP('',(#2403,#2405,#2407,#2408,#2409,#2411));
#2413=FACE_OUTER_BOUND('',#2412,.F.);
#2415=CARTESIAN_POINT('',(-8.2E-1,-9.E-1,0.E0));
#2416=DIRECTION('',(0.E0,-1.E0,0.E0));
#2417=DIRECTION('',(1.E0,0.E0,0.E0));
#2418=AXIS2_PLACEMENT_3D('',#2415,#2416,#2417);
#2419=PLANE('',#2418);
#2420=ORIENTED_EDGE('',*,*,#2393,.F.);
#2421=ORIENTED_EDGE('',*,*,#2378,.T.);
#2423=ORIENTED_EDGE('',*,*,#2422,.T.);
#2424=ORIENTED_EDGE('',*,*,#1321,.T.);
#2426=ORIENTED_EDGE('',*,*,#2425,.T.);
#2427=ORIENTED_EDGE('',*,*,#2032,.F.);
#2429=ORIENTED_EDGE('',*,*,#2428,.T.);
#2430=ORIENTED_EDGE('',*,*,#2404,.T.);
#2431=EDGE_LOOP('',(#2420,#2421,#2423,#2424,#2426,#2427,#2429,#2430));
#2432=FACE_OUTER_BOUND('',#2431,.F.);
#2434=CARTESIAN_POINT('',(-8.2E-1,-9.E-1,-1.8E-1));
#2435=DIRECTION('',(0.E0,1.E0,0.E0));
#2436=DIRECTION('',(0.E0,0.E0,-1.E0));
#2437=AXIS2_PLACEMENT_3D('',#2434,#2435,#2436);
#2438=CYLINDRICAL_SURFACE('',#2437,1.8E-1);
#2439=ORIENTED_EDGE('',*,*,#2422,.F.);
#2440=ORIENTED_EDGE('',*,*,#2376,.T.);
#2441=ORIENTED_EDGE('',*,*,#2343,.T.);
#2442=ORIENTED_EDGE('',*,*,#1323,.F.);
#2443=EDGE_LOOP('',(#2439,#2440,#2441,#2442));
#2444=FACE_OUTER_BOUND('',#2443,.F.);
#2446=CARTESIAN_POINT('',(-6.75E-1,-9.E-1,0.E0));
#2447=DIRECTION('',(-1.E0,0.E0,0.E0));
#2448=DIRECTION('',(0.E0,-1.E0,0.E0));
#2449=AXIS2_PLACEMENT_3D('',#2446,#2447,#2448);
#2450=PLANE('',#2449);
#2451=ORIENTED_EDGE('',*,*,#1319,.T.);
#2453=ORIENTED_EDGE('',*,*,#2452,.T.);
#2454=ORIENTED_EDGE('',*,*,#2034,.F.);
#2455=ORIENTED_EDGE('',*,*,#2425,.F.);
#2456=EDGE_LOOP('',(#2451,#2453,#2454,#2455));
#2457=FACE_OUTER_BOUND('',#2456,.F.);
#2459=CARTESIAN_POINT('',(-6.75E-1,-9.5E-1,0.E0));
#2460=DIRECTION('',(0.E0,-1.E0,0.E0));
#2461=DIRECTION('',(1.E0,0.E0,0.E0));
#2462=AXIS2_PLACEMENT_3D('',#2459,#2460,#2461);
#2463=PLANE('',#2462);
#2464=ORIENTED_EDGE('',*,*,#1317,.T.);
#2466=ORIENTED_EDGE('',*,*,#2465,.T.);
#2467=ORIENTED_EDGE('',*,*,#2036,.F.);
#2468=ORIENTED_EDGE('',*,*,#2452,.F.);
#2469=EDGE_LOOP('',(#2464,#2466,#2467,#2468));
#2470=FACE_OUTER_BOUND('',#2469,.F.);
#2472=CARTESIAN_POINT('',(-4.25E-1,-9.5E-1,0.E0));
#2473=DIRECTION('',(1.E0,0.E0,0.E0));
#2474=DIRECTION('',(0.E0,1.E0,0.E0));
#2475=AXIS2_PLACEMENT_3D('',#2472,#2473,#2474);
#2476=PLANE('',#2475);
#2477=ORIENTED_EDGE('',*,*,#1315,.T.);
#2479=ORIENTED_EDGE('',*,*,#2478,.T.);
#2480=ORIENTED_EDGE('',*,*,#2038,.F.);
#2481=ORIENTED_EDGE('',*,*,#2465,.F.);
#2482=EDGE_LOOP('',(#2477,#2479,#2480,#2481));
#2483=FACE_OUTER_BOUND('',#2482,.F.);
#2485=CARTESIAN_POINT('',(-4.25E-1,1.005E0,0.E0));
#2486=DIRECTION('',(9.964209951390E-1,8.452928750537E-2,0.E0));
#2487=DIRECTION('',(-8.452928750537E-2,9.964209951390E-1,0.E0));
#2488=AXIS2_PLACEMENT_3D('',#2485,#2486,#2487);
#2489=PLANE('',#2488);
#2490=ORIENTED_EDGE('',*,*,#1313,.T.);
#2492=ORIENTED_EDGE('',*,*,#2491,.T.);
#2493=ORIENTED_EDGE('',*,*,#2040,.F.);
#2494=ORIENTED_EDGE('',*,*,#2478,.F.);
#2495=EDGE_LOOP('',(#2490,#2492,#2493,#2494));
#2496=FACE_OUTER_BOUND('',#2495,.F.);
#2498=CARTESIAN_POINT('',(-4.75E-1,1.594393939394E0,0.E0));
#2499=DIRECTION('',(1.E0,0.E0,0.E0));
#2500=DIRECTION('',(0.E0,1.E0,0.E0));
#2501=AXIS2_PLACEMENT_3D('',#2498,#2499,#2500);
#2502=PLANE('',#2501);
#2503=ORIENTED_EDGE('',*,*,#1311,.T.);
#2505=ORIENTED_EDGE('',*,*,#2504,.T.);
#2506=ORIENTED_EDGE('',*,*,#2042,.F.);
#2507=ORIENTED_EDGE('',*,*,#2491,.F.);
#2508=EDGE_LOOP('',(#2503,#2505,#2506,#2507));
#2509=FACE_OUTER_BOUND('',#2508,.F.);
#2511=CARTESIAN_POINT('',(-4.75E-1,1.650393939394E0,0.E0));
#2512=DIRECTION('',(1.E0,0.E0,0.E0));
#2513=DIRECTION('',(0.E0,1.E0,0.E0));
#2514=AXIS2_PLACEMENT_3D('',#2511,#2512,#2513);
#2515=PLANE('',#2514);
#2516=ORIENTED_EDGE('',*,*,#1309,.T.);
#2518=ORIENTED_EDGE('',*,*,#2517,.T.);
#2519=ORIENTED_EDGE('',*,*,#2044,.F.);
#2520=ORIENTED_EDGE('',*,*,#2504,.F.);
#2521=EDGE_LOOP('',(#2516,#2518,#2519,#2520));
#2522=FACE_OUTER_BOUND('',#2521,.F.);
#2524=CARTESIAN_POINT('',(-4.E-1,1.675393939394E0,0.E0));
#2525=DIRECTION('',(0.E0,0.E0,1.E0));
#2526=DIRECTION('',(1.E0,0.E0,0.E0));
#2527=AXIS2_PLACEMENT_3D('',#2524,#2525,#2526);
#2528=CYLINDRICAL_SURFACE('',#2527,7.5E-2);
#2529=ORIENTED_EDGE('',*,*,#1307,.T.);
#2531=ORIENTED_EDGE('',*,*,#2530,.T.);
#2532=ORIENTED_EDGE('',*,*,#2046,.F.);
#2533=ORIENTED_EDGE('',*,*,#2517,.F.);
#2534=EDGE_LOOP('',(#2529,#2531,#2532,#2533));
#2535=FACE_OUTER_BOUND('',#2534,.F.);
#2537=CARTESIAN_POINT('',(-3.25E-1,1.675393939394E0,0.E0));
#2538=DIRECTION('',(-1.E0,0.E0,0.E0));
#2539=DIRECTION('',(0.E0,-1.E0,0.E0));
#2540=AXIS2_PLACEMENT_3D('',#2537,#2538,#2539);
#2541=PLANE('',#2540);
#2542=ORIENTED_EDGE('',*,*,#1305,.T.);
#2544=ORIENTED_EDGE('',*,*,#2543,.T.);
#2545=ORIENTED_EDGE('',*,*,#2048,.F.);
#2546=ORIENTED_EDGE('',*,*,#2530,.F.);
#2547=EDGE_LOOP('',(#2542,#2544,#2545,#2546));
#2548=FACE_OUTER_BOUND('',#2547,.F.);
#2550=CARTESIAN_POINT('',(-3.25E-1,1.650393939394E0,0.E0));
#2551=DIRECTION('',(-1.E0,0.E0,0.E0));
#2552=DIRECTION('',(0.E0,-1.E0,0.E0));
#2553=AXIS2_PLACEMENT_3D('',#2550,#2551,#2552);
#2554=PLANE('',#2553);
#2555=ORIENTED_EDGE('',*,*,#1303,.T.);
#2556=ORIENTED_EDGE('',*,*,#1898,.T.);
#2557=ORIENTED_EDGE('',*,*,#2050,.F.);
#2558=ORIENTED_EDGE('',*,*,#2543,.F.);
#2559=EDGE_LOOP('',(#2555,#2556,#2557,#2558));
#2560=FACE_OUTER_BOUND('',#2559,.F.);
#2562=CARTESIAN_POINT('',(-8.2E-1,-9.E-1,-1.8E-1));
#2563=DIRECTION('',(0.E0,1.E0,0.E0));
#2564=DIRECTION('',(0.E0,0.E0,-1.E0));
#2565=AXIS2_PLACEMENT_3D('',#2562,#2563,#2564);
#2566=CYLINDRICAL_SURFACE('',#2565,8.E-2);
#2567=ORIENTED_EDGE('',*,*,#2428,.F.);
#2568=ORIENTED_EDGE('',*,*,#2030,.T.);
#2569=ORIENTED_EDGE('',*,*,#2338,.T.);
#2570=ORIENTED_EDGE('',*,*,#2406,.F.);
#2571=EDGE_LOOP('',(#2567,#2568,#2569,#2570));
#2572=FACE_OUTER_BOUND('',#2571,.F.);
#2574=CARTESIAN_POINT('',(-9.E-1,-9.E-1,-4.7E-1));
#2575=DIRECTION('',(0.E0,0.E0,1.E0));
#2576=DIRECTION('',(-1.E0,0.E0,0.E0));
#2577=AXIS2_PLACEMENT_3D('',#2574,#2575,#2576);
#2578=PLANE('',#2577);
#2579=ORIENTED_EDGE('',*,*,#2390,.T.);
#2580=ORIENTED_EDGE('',*,*,#2410,.T.);
#2581=ORIENTED_EDGE('',*,*,#2357,.T.);
#2582=ORIENTED_EDGE('',*,*,#2372,.F.);
#2583=EDGE_LOOP('',(#2579,#2580,#2581,#2582));
#2584=FACE_OUTER_BOUND('',#2583,.F.);
#2586=CARTESIAN_POINT('',(8.2E-1,-9.E-1,-1.8E-1));
#2587=DIRECTION('',(0.E0,-1.E0,0.E0));
#2588=DIRECTION('',(0.E0,0.E0,-1.E0));
#2589=AXIS2_PLACEMENT_3D('',#2586,#2587,#2588);
#2590=CYLINDRICAL_SURFACE('',#2589,8.E-2);
#2591=ORIENTED_EDGE('',*,*,#2018,.T.);
#2592=ORIENTED_EDGE('',*,*,#2182,.T.);
#2593=ORIENTED_EDGE('',*,*,#2250,.T.);
#2594=ORIENTED_EDGE('',*,*,#2272,.F.);
#2595=EDGE_LOOP('',(#2591,#2592,#2593,#2594));
#2596=FACE_OUTER_BOUND('',#2595,.F.);
#2598=CARTESIAN_POINT('',(9.E-1,-9.E-1,-4.7E-1));
#2599=DIRECTION('',(0.E0,0.E0,-1.E0));
#2600=DIRECTION('',(1.E0,0.E0,0.E0));
#2601=AXIS2_PLACEMENT_3D('',#2598,#2599,#2600);
#2602=PLANE('',#2601);
#2603=ORIENTED_EDGE('',*,*,#2234,.T.);
#2604=ORIENTED_EDGE('',*,*,#2254,.F.);
#2605=ORIENTED_EDGE('',*,*,#2201,.T.);
#2606=ORIENTED_EDGE('',*,*,#2216,.T.);
#2607=EDGE_LOOP('',(#2603,#2604,#2605,#2606));
#2608=FACE_OUTER_BOUND('',#2607,.F.);
#2610=CLOSED_SHELL('',(#1361,#1376,#1406,#1421,#1451,#1474,#1535,#1560,#1582,
#1637,#1651,#1668,#1743,#1757,#1791,#1802,#1814,#1847,#1858,#1871,#1883,#1910,
#1924,#1940,#1953,#1965,#1977,#1990,#2055,#2068,#2081,#2094,#2107,#2120,#2133,
#2146,#2159,#2172,#2193,#2208,#2226,#2241,#2258,#2277,#2289,#2302,#2315,#2328,
#2349,#2364,#2382,#2397,#2414,#2433,#2445,#2458,#2471,#2484,#2497,#2510,#2523,
#2536,#2549,#2561,#2573,#2585,#2597,#2609));
#2611=MANIFOLD_SOLID_BREP('',#2610);
#2614=PLANE_ANGLE_MEASURE_WITH_UNIT(PLANE_ANGLE_MEASURE(1.745329251994E-2),
#2613);
#2615=(CONVERSION_BASED_UNIT('DEGREE',#2614)NAMED_UNIT(*)PLANE_ANGLE_UNIT());
#2617=UNCERTAINTY_MEASURE_WITH_UNIT(LENGTH_MEASURE(1.E-3),#2612,
'distance_accuracy_value',
'Maximum model space distance between geometric entities at asserted connectivities');
#2620=APPLICATION_CONTEXT('automotive_design');
#2621=APPLICATION_PROTOCOL_DEFINITION('international standard',
'automotive_design',2001,#2620);
#2622=PRODUCT_DEFINITION_CONTEXT('part definition',#2620,'design');
#2623=PRODUCT_CONTEXT('',#2620,'mechanical');
#2624=PRODUCT('C-2199248-6','C-2199248-6','NOT SPECIFIED',(#2623));
#2625=PRODUCT_DEFINITION_FORMATION('1','LAST_VERSION',#2624);
#2633=DERIVED_UNIT_ELEMENT(#2632,2.E0);
#2634=DERIVED_UNIT((#2633));
#2635=MEASURE_REPRESENTATION_ITEM('surface area measure',AREA_MEASURE(
1.430179191897E1),#2634);
#2640=DERIVED_UNIT_ELEMENT(#2639,3.E0);
#2641=DERIVED_UNIT((#2640));
#2642=MEASURE_REPRESENTATION_ITEM('volume measure',VOLUME_MEASURE(
6.047303545628E-1),#2641);
#2646=CARTESIAN_POINT('centre point',(-3.972490133231E-9,8.320684481510E-1,
-2.372814407204E-1));
#2651=DERIVED_UNIT_ELEMENT(#2650,2.E0);
#2652=DERIVED_UNIT((#2651));
#2653=MEASURE_REPRESENTATION_ITEM('surface area measure',AREA_MEASURE(
1.430179191897E1),#2652);
#2658=DERIVED_UNIT_ELEMENT(#2657,3.E0);
#2659=DERIVED_UNIT((#2658));
#2660=MEASURE_REPRESENTATION_ITEM('volume measure',VOLUME_MEASURE(
6.047303545628E-1),#2659);
#2664=CARTESIAN_POINT('centre point',(-3.972490133231E-9,8.320684481510E-1,
-2.372814407204E-1));
#2669=PRODUCT_RELATED_PRODUCT_CATEGORY('part','',(#2624));
#1=DRAUGHTING_PRE_DEFINED_COLOUR('black');
#2=COLOUR_RGB('',0.E0,0.E0,3.6E-1);
#3=COLOUR_RGB('',0.E0,0.E0,4.8E-1);
#4=DRAUGHTING_PRE_DEFINED_COLOUR('blue');
#5=COLOUR_RGB('',0.E0,5.8824E-2,4.58824E-1);
#6=COLOUR_RGB('',0.E0,1.80392E-1,4.78431E-1);
#7=COLOUR_RGB('',0.E0,3.6E-1,9.E-2);
#8=COLOUR_RGB('',0.E0,3.6E-1,2.7E-1);
#9=COLOUR_RGB('',0.E0,5.6E-1,6.4E-1);
#10=COLOUR_RGB('',0.E0,5.8E-1,8.E-1);
#11=COLOUR_RGB('',0.E0,7.1E-1,6.6E-1);
#12=COLOUR_RGB('',0.E0,7.13E-1,0.E0);
#13=COLOUR_RGB('',0.E0,9.5E-1,8.4E-1);
#14=DRAUGHTING_PRE_DEFINED_COLOUR('green');
#15=DRAUGHTING_PRE_DEFINED_COLOUR('cyan');
#16=COLOUR_RGB('',1.1765E-2,1.9608E-2,3.9216E-2);
#17=COLOUR_RGB('',4.E-2,0.E0,1.6E-1);
#18=COLOUR_RGB('',3.9216E-2,2.19608E-1,1.21569E-1);
#19=COLOUR_RGB('',3.9216E-2,3.60784E-1,2.E-1);
#20=COLOUR_RGB('',5.098E-2,7.0588E-2,1.01961E-1);
#21=COLOUR_RGB('',9.E-2,0.E0,1.2E-1);
#22=COLOUR_RGB('',9.0196E-2,1.60784E-1,1.09804E-1);
#23=COLOUR_RGB('',9.0196E-2,3.80392E-1,6.70588E-1);
#24=COLOUR_RGB('',1.E-1,0.E0,2.5E-1);
#25=COLOUR_RGB('',1.01961E-1,4.78431E-1,3.88235E-1);
#26=COLOUR_RGB('',1.09804E-1,1.4902E-1,9.0196E-2);
#27=COLOUR_RGB('',1.4902E-1,3.09804E-1,5.29412E-1);
#28=COLOUR_RGB('',1.4902E-1,4.E-1,1.60784E-1);
#29=COLOUR_RGB('',1.6E-1,3.2E-2,0.E0);
#30=COLOUR_RGB('',1.60784E-1,4.5098E-1,7.21569E-1);
#31=COLOUR_RGB('',1.6E-1,4.6E-1,6.5E-1);
#32=COLOUR_RGB('',1.6E-1,1.E0,1.6E-1);
#33=COLOUR_RGB('',2.E-1,3.2E-2,0.E0);
#34=COLOUR_RGB('',2.11765E-1,4.11765E-1,1.4902E-1);
#35=COLOUR_RGB('',2.39216E-1,2.39216E-1,2.31373E-1);
#36=COLOUR_RGB('',2.39216E-1,2.70588E-1,1.80392E-1);
#37=COLOUR_RGB('',2.5098E-1,2.90196E-1,3.29412E-1);
#38=COLOUR_RGB('',2.90196E-1,4.31373E-1,2.E-1);
#39=COLOUR_RGB('',3.1E-1,3.1E-1,5.6E-1);
#40=COLOUR_RGB('',3.09804E-1,6.58824E-1,2.E-1);
#41=COLOUR_RGB('',3.2E-1,1.5E-1,0.E0);
#42=COLOUR_RGB('',3.60784E-1,3.1373E-2,1.68627E-1);
#43=COLOUR_RGB('',3.68627E-1,2.E-1,1.21569E-1);
#44=COLOUR_RGB('',3.88235E-1,2.39216E-1,6.11765E-1);
#45=COLOUR_RGB('',4.E-1,4.E-1,4.E-1);
#46=COLOUR_RGB('',4.11765E-1,5.8824E-2,7.8431E-2);
#47=COLOUR_RGB('',4.11765E-1,3.29412E-1,2.19608E-1);
#48=COLOUR_RGB('',4.2E-1,4.2E-1,1.E0);
#49=COLOUR_RGB('',4.4E-1,8.5E-1,1.E0);
#50=COLOUR_RGB('',4.58824E-1,4.5098E-1,3.09804E-1);
#51=COLOUR_RGB('',4.70588E-1,5.09804E-1,5.4902E-1);
#52=COLOUR_RGB('',4.78431E-1,4.90196E-1,4.58824E-1);
#53=COLOUR_RGB('',4.90196E-1,3.60784E-1,2.19608E-1);
#54=COLOUR_RGB('',4.9E-1,4.9E-1,0.E0);
#55=COLOUR_RGB('',4.9E-1,1.E0,0.E0);
#56=COLOUR_RGB('',5.E-1,0.E0,0.E0);
#57=COLOUR_RGB('',5.E-1,0.E0,2.3E-1);
#58=COLOUR_RGB('',5.E-1,5.E-1,5.E-1);
#59=COLOUR_RGB('',5.21569E-1,2.19608E-1,1.68627E-1);
#60=COLOUR_RGB('',5.3E-1,0.E0,0.E0);
#61=COLOUR_RGB('',5.29412E-1,5.80392E-1,6.5098E-1);
#62=COLOUR_RGB('',5.4E-1,0.E0,4.4E-1);
#63=COLOUR_RGB('',5.5E-1,3.E-1,0.E0);
#64=COLOUR_RGB('',5.6E-1,1.E-1,5.E-2);
#65=COLOUR_RGB('',5.60784E-1,5.80392E-1,6.19608E-1);
#66=COLOUR_RGB('',5.68627E-1,5.8824E-2,4.E-1);
#67=COLOUR_RGB('',5.8E-1,2.2E-1,1.E-2);
#68=COLOUR_RGB('',5.88235E-1,1.21569E-1,1.09804E-1);
#69=COLOUR_RGB('',6.E-1,6.E-1,6.E-1);
#70=COLOUR_RGB('',6.11765E-1,5.60784E-1,3.80392E-1);
#71=COLOUR_RGB('',6.11765E-1,6.11765E-1,6.5098E-1);
#72=COLOUR_RGB('',6.2E-1,0.E0,5.5E-1);
#73=COLOUR_RGB('',6.19608E-1,6.39216E-1,6.90196E-1);
#74=COLOUR_RGB('',6.4E-1,0.E0,2.5E-1);
#75=COLOUR_RGB('',6.4E-1,1.E-2,0.E0);
#76=COLOUR_RGB('',6.39216E-1,5.4902E-1,4.78431E-1);
#77=COLOUR_RGB('',6.5098E-1,6.70588E-1,7.09804E-1);
#78=COLOUR_RGB('',6.70588E-1,1.21569E-1,1.09804E-1);
#79=COLOUR_RGB('',6.78431E-1,4.78431E-1,3.09804E-1);
#80=COLOUR_RGB('',6.8E-1,7.5E-1,1.E0);
#81=COLOUR_RGB('',6.952E-1,7.426E-1,7.9E-1);
#82=COLOUR_RGB('',7.09804E-1,7.0588E-2,2.E-1);
#83=COLOUR_RGB('',7.1E-1,3.1E-1,0.E0);
#84=COLOUR_RGB('',7.2E-1,7.2E-1,7.2E-1);
#85=COLOUR_RGB('',7.29412E-1,7.41176E-1,7.29412E-1);
#86=COLOUR_RGB('',7.41176E-1,7.29412E-1,6.70588E-1);
#87=COLOUR_RGB('',7.4E-1,1.E0,2.6E-1);
#88=COLOUR_RGB('',7.5E-1,3.E-2,0.E0);
#89=COLOUR_RGB('',7.4902E-1,8.90196E-1,7.29412E-1);
#90=COLOUR_RGB('',7.6E-1,0.E0,4.7E-1);
#91=COLOUR_RGB('',7.80392E-1,9.0196E-2,7.0588E-2);
#92=COLOUR_RGB('',7.88235E-1,2.19608E-1,5.4902E-1);
#93=COLOUR_RGB('',8.1E-1,4.E-2,0.E0);
#94=COLOUR_RGB('',8.1E-1,6.1E-1,0.E0);
#95=COLOUR_RGB('',8.2E-1,4.E-2,6.6E-1);
#96=COLOUR_RGB('',8.31373E-1,8.5098E-1,8.58824E-1);
#97=COLOUR_RGB('',8.5098E-1,7.29412E-1,5.4902E-1);
#98=COLOUR_RGB('',8.5E-1,8.5E-1,8.5E-1);
#99=COLOUR_RGB('',8.78431E-1,3.68627E-1,1.21569E-1);
#100=COLOUR_RGB('',8.784E-1,9.49E-1,1.E0);
#101=COLOUR_RGB('',8.90196E-1,5.88235E-1,1.41176E-1);
#102=COLOUR_RGB('',9.E-1,1.E0,0.E0);
#103=COLOUR_RGB('',9.09804E-1,6.11765E-1,7.09804E-1);
#104=COLOUR_RGB('',9.37E-1,7.85E-1,0.E0);
#105=COLOUR_RGB('',9.41176E-1,9.29412E-1,9.01961E-1);
#106=COLOUR_RGB('',9.5E-1,2.2E-1,8.1E-1);
#107=COLOUR_RGB('',9.6E-1,3.7E-1,3.E-1);
#108=COLOUR_RGB('',9.6E-1,7.1E-1,3.75E-1);
#109=COLOUR_RGB('',9.80392E-1,1.E0,1.E0);
#110=COLOUR_RGB('',9.88235E-1,1.09804E-1,7.8431E-2);
#111=COLOUR_RGB('',9.88235E-1,7.21569E-1,1.29412E-1);
#112=COLOUR_RGB('',9.88235E-1,9.21569E-1,8.E-1);
#113=DRAUGHTING_PRE_DEFINED_COLOUR('red');
#114=COLOUR_RGB('',1.E0,0.E0,6.1E-1);
#115=COLOUR_RGB('',1.E0,4.E-2,0.E0);
#116=COLOUR_RGB('',1.E0,2.3E-1,0.E0);
#117=COLOUR_RGB('',1.E0,3.5E-1,5.2E-1);
#118=COLOUR_RGB('',1.E0,3.6E-1,0.E0);
#119=COLOUR_RGB('',1.E0,3.88235E-1,2.11765E-1);
#120=COLOUR_RGB('',1.E0,4.9E-1,3.7E-1);
#121=COLOUR_RGB('',1.E0,5.E-1,0.E0);
#122=COLOUR_RGB('',1.E0,5.6E-1,7.8E-1);
#123=COLOUR_RGB('',1.E0,6.4E-1,4.9E-1);
#124=COLOUR_RGB('',1.E0,6.7E-1,0.E0);
#125=COLOUR_RGB('',1.E0,7.6E-1,6.5E-1);
#126=COLOUR_RGB('',1.E0,8.39216E-1,3.01961E-1);
#127=COLOUR_RGB('',1.E0,8.6E-1,4.E-2);
#128=COLOUR_RGB('',1.E0,9.60784E-1,2.58824E-1);
#129=COLOUR_RGB('',1.E0,9.60784E-1,8.90196E-1);
#130=COLOUR_RGB('',1.E0,9.8E-1,7.2E-1);
#131=DRAUGHTING_PRE_DEFINED_COLOUR('yellow');
#132=COLOUR_RGB('',1.E0,1.E0,3.9216E-2);
#133=DRAUGHTING_PRE_DEFINED_COLOUR('white');
#154=CIRCLE('',#153,7.5E-2);
#199=CIRCLE('',#198,7.5E-1);
#244=CIRCLE('',#243,7.5E-2);
#272=B_SPLINE_CURVE_WITH_KNOTS('',3,(#265,#266,#267,#268,#269,#270,#271),
.UNSPECIFIED.,.F.,.F.,(4,1,1,1,4),(0.E0,2.5E-1,5.E-1,7.5E-1,1.E0),
.UNSPECIFIED.);
#282=B_SPLINE_CURVE_WITH_KNOTS('',3,(#277,#278,#279,#280,#281),.UNSPECIFIED.,
.F.,.F.,(4,1,4),(0.E0,5.E-1,1.E0),.UNSPECIFIED.);
#288=B_SPLINE_CURVE_WITH_KNOTS('',3,(#283,#284,#285,#286,#287),.UNSPECIFIED.,
.F.,.F.,(4,1,4),(0.E0,5.E-1,1.E0),.UNSPECIFIED.);
#300=B_SPLINE_CURVE_WITH_KNOTS('',3,(#293,#294,#295,#296,#297,#298,#299),
.UNSPECIFIED.,.F.,.F.,(4,1,1,1,4),(0.E0,2.5E-1,5.E-1,7.5E-1,1.E0),
.UNSPECIFIED.);
#322=B_SPLINE_CURVE_WITH_KNOTS('',3,(#317,#318,#319,#320,#321),.UNSPECIFIED.,
.F.,.F.,(4,1,4),(0.E0,5.E-1,1.E0),.UNSPECIFIED.);
#332=B_SPLINE_CURVE_WITH_KNOTS('',3,(#327,#328,#329,#330,#331),.UNSPECIFIED.,
.F.,.F.,(4,1,4),(0.E0,5.E-1,1.E0),.UNSPECIFIED.);
#338=B_SPLINE_CURVE_WITH_KNOTS('',3,(#333,#334,#335,#336,#337),.UNSPECIFIED.,
.F.,.F.,(4,1,4),(0.E0,5.E-1,1.E0),.UNSPECIFIED.);
#347=CIRCLE('',#346,4.52E-1);
#357=B_SPLINE_CURVE_WITH_KNOTS('',3,(#352,#353,#354,#355,#356),.UNSPECIFIED.,
.F.,.F.,(4,1,4),(0.E0,5.E-1,1.E0),.UNSPECIFIED.);
#369=B_SPLINE_CURVE_WITH_KNOTS('',3,(#358,#359,#360,#361,#362,#363,#364,#365,
#366,#367,#368),.UNSPECIFIED.,.F.,.F.,(4,1,1,1,1,1,1,1,4),(0.E0,1.25E-1,2.5E-1,
3.75E-1,5.E-1,6.25E-1,7.5E-1,8.75E-1,1.E0),.UNSPECIFIED.);
#374=CIRCLE('',#373,1.000000132328E-1);
#400=B_SPLINE_CURVE_WITH_KNOTS('',3,(#395,#396,#397,#398,#399),.UNSPECIFIED.,
.F.,.F.,(4,1,4),(0.E0,5.E-1,1.E0),.UNSPECIFIED.);
#406=B_SPLINE_CURVE_WITH_KNOTS('',3,(#401,#402,#403,#404,#405),.UNSPECIFIED.,
.F.,.F.,(4,1,4),(0.E0,5.E-1,1.E0),.UNSPECIFIED.);
#415=CIRCLE('',#414,4.52E-1);
#427=B_SPLINE_CURVE_WITH_KNOTS('',3,(#420,#421,#422,#423,#424,#425,#426),
.UNSPECIFIED.,.F.,.F.,(4,1,1,1,4),(0.E0,2.5E-1,5.E-1,7.5E-1,1.E0),
.UNSPECIFIED.);
#437=B_SPLINE_CURVE_WITH_KNOTS('',3,(#428,#429,#430,#431,#432,#433,#434,#435,
#436),.UNSPECIFIED.,.F.,.F.,(4,1,1,1,1,1,4),(0.E0,1.666666666667E-1,
3.333333333333E-1,5.E-1,6.666666666667E-1,8.333333333333E-1,1.E0),
.UNSPECIFIED.);
#442=CIRCLE('',#441,2.1E-1);
#453=B_SPLINE_CURVE_WITH_KNOTS('',3,(#443,#444,#445,#446,#447,#448,#449,#450,
#451,#452),.UNSPECIFIED.,.F.,.F.,(4,1,1,1,1,1,1,4),(0.E0,1.428571428571E-1,
2.857142857143E-1,4.285714285714E-1,5.714285714286E-1,7.142857142857E-1,
8.571428571429E-1,1.E0),.UNSPECIFIED.);
#468=B_SPLINE_CURVE_WITH_KNOTS('',3,(#454,#455,#456,#457,#458,#459,#460,#461,
#462,#463,#464,#465,#466,#467),.UNSPECIFIED.,.F.,.F.,(4,1,1,1,1,1,1,1,1,1,1,4),(
0.E0,9.090909090909E-2,1.818181818182E-1,2.727272727273E-1,3.636363636364E-1,
4.545454545455E-1,5.454545454545E-1,6.363636363636E-1,7.272727272727E-1,
8.181818181818E-1,9.090909090909E-1,1.E0),.UNSPECIFIED.);
#473=CIRCLE('',#472,2.1E-1);
#478=CIRCLE('',#477,2.1E-1);
#483=CIRCLE('',#482,1.000000000001E-1);
#489=B_SPLINE_CURVE_WITH_KNOTS('',3,(#484,#485,#486,#487,#488),.UNSPECIFIED.,
.F.,.F.,(4,1,4),(0.E0,5.E-1,1.E0),.UNSPECIFIED.);
#504=B_SPLINE_CURVE_WITH_KNOTS('',3,(#490,#491,#492,#493,#494,#495,#496,#497,
#498,#499,#500,#501,#502,#503),.UNSPECIFIED.,.F.,.F.,(4,1,1,1,1,1,1,1,1,1,1,4),(
0.E0,9.090909090909E-2,1.818181818182E-1,2.727272727273E-1,3.636363636364E-1,
4.545454545455E-1,5.454545454545E-1,6.363636363636E-1,7.272727272727E-1,
8.181818181818E-1,9.090909090909E-1,1.E0),.UNSPECIFIED.);
#510=B_SPLINE_CURVE_WITH_KNOTS('',3,(#505,#506,#507,#508,#509),.UNSPECIFIED.,
.F.,.F.,(4,1,4),(0.E0,5.E-1,1.E0),.UNSPECIFIED.);
#515=CIRCLE('',#514,1.000000000001E-1);
#522=B_SPLINE_CURVE_WITH_KNOTS('',3,(#516,#517,#518,#519,#520,#521),
.UNSPECIFIED.,.F.,.F.,(4,1,1,4),(0.E0,3.333333333333E-1,6.666666666667E-1,1.E0),
.UNSPECIFIED.);
#528=B_SPLINE_CURVE_WITH_KNOTS('',3,(#523,#524,#525,#526,#527),.UNSPECIFIED.,
.F.,.F.,(4,1,4),(0.E0,5.E-1,1.E0),.UNSPECIFIED.);
#534=B_SPLINE_CURVE_WITH_KNOTS('',3,(#529,#530,#531,#532,#533),.UNSPECIFIED.,
.F.,.F.,(4,1,4),(0.E0,5.E-1,1.E0),.UNSPECIFIED.);
#541=B_SPLINE_CURVE_WITH_KNOTS('',3,(#535,#536,#537,#538,#539,#540),
.UNSPECIFIED.,.F.,.F.,(4,1,1,4),(0.E0,3.333333333333E-1,6.666666666667E-1,1.E0),
.UNSPECIFIED.);
#551=B_SPLINE_CURVE_WITH_KNOTS('',3,(#542,#543,#544,#545,#546,#547,#548,#549,
#550),.UNSPECIFIED.,.F.,.F.,(4,1,1,1,1,1,4),(0.E0,1.666666666667E-1,
3.333333333333E-1,5.E-1,6.666666666667E-1,8.333333333333E-1,1.E0),
.UNSPECIFIED.);
#562=B_SPLINE_CURVE_WITH_KNOTS('',3,(#552,#553,#554,#555,#556,#557,#558,#559,
#560,#561),.UNSPECIFIED.,.F.,.F.,(4,1,1,1,1,1,1,4),(0.E0,1.428571428571E-1,
2.857142857143E-1,4.285714285714E-1,5.714285714286E-1,7.142857142857E-1,
8.571428571429E-1,1.E0),.UNSPECIFIED.);
#567=CIRCLE('',#566,4.5E-1);
#576=CIRCLE('',#575,4.5E-1);
#596=B_SPLINE_CURVE_WITH_KNOTS('',3,(#589,#590,#591,#592,#593,#594,#595),
.UNSPECIFIED.,.F.,.F.,(4,1,1,1,4),(0.E0,2.5E-1,5.E-1,7.5E-1,1.E0),
.UNSPECIFIED.);
#606=B_SPLINE_CURVE_WITH_KNOTS('',3,(#601,#602,#603,#604,#605),.UNSPECIFIED.,
.F.,.F.,(4,1,4),(0.E0,5.E-1,1.E0),.UNSPECIFIED.);
#616=B_SPLINE_CURVE_WITH_KNOTS('',3,(#611,#612,#613,#614,#615),.UNSPECIFIED.,
.F.,.F.,(4,1,4),(0.E0,5.E-1,1.E0),.UNSPECIFIED.);
#628=B_SPLINE_CURVE_WITH_KNOTS('',3,(#621,#622,#623,#624,#625,#626,#627),
.UNSPECIFIED.,.F.,.F.,(4,1,1,1,4),(0.E0,2.5E-1,5.E-1,7.5E-1,1.E0),
.UNSPECIFIED.);
#638=B_SPLINE_CURVE_WITH_KNOTS('',3,(#633,#634,#635,#636,#637),.UNSPECIFIED.,
.F.,.F.,(4,1,4),(0.E0,5.E-1,1.E0),.UNSPECIFIED.);
#648=B_SPLINE_CURVE_WITH_KNOTS('',3,(#643,#644,#645,#646,#647),.UNSPECIFIED.,
.F.,.F.,(4,1,4),(0.E0,5.E-1,1.E0),.UNSPECIFIED.);
#693=CIRCLE('',#692,7.5E-2);
#738=CIRCLE('',#737,7.5E-1);
#783=CIRCLE('',#782,7.5E-2);
#844=CIRCLE('',#843,8.E-2);
#853=CIRCLE('',#852,1.8E-1);
#862=CIRCLE('',#861,1.5E-1);
#871=CIRCLE('',#870,1.5E-1);
#876=CIRCLE('',#875,1.5E-1);
#885=CIRCLE('',#884,1.5E-1);
#898=CIRCLE('',#897,1.8E-1);
#903=CIRCLE('',#902,8.E-2);
#936=CIRCLE('',#935,8.E-2);
#945=CIRCLE('',#944,1.8E-1);
#954=CIRCLE('',#953,1.5E-1);
#963=CIRCLE('',#962,1.5E-1);
#968=CIRCLE('',#967,1.5E-1);
#977=CIRCLE('',#976,1.5E-1);
#990=CIRCLE('',#989,1.8E-1);
#995=CIRCLE('',#994,8.E-2);
#1299=EDGE_CURVE('',#1212,#1213,#137,.T.);
#1301=EDGE_CURVE('',#1105,#1212,#141,.T.);
#1303=EDGE_CURVE('',#1103,#1105,#145,.T.);
#1305=EDGE_CURVE('',#1101,#1103,#149,.T.);
#1307=EDGE_CURVE('',#1099,#1101,#154,.T.);
#1309=EDGE_CURVE('',#1097,#1099,#158,.T.);
#1311=EDGE_CURVE('',#1095,#1097,#162,.T.);
#1313=EDGE_CURVE('',#1093,#1095,#166,.T.);
#1315=EDGE_CURVE('',#1091,#1093,#170,.T.);
#1317=EDGE_CURVE('',#1089,#1091,#174,.T.);
#1319=EDGE_CURVE('',#1088,#1089,#178,.T.);
#1321=EDGE_CURVE('',#1185,#1088,#182,.T.);
#1323=EDGE_CURVE('',#1185,#1189,#186,.T.);
#1325=EDGE_CURVE('',#1085,#1189,#190,.T.);
#1327=EDGE_CURVE('',#1083,#1085,#194,.T.);
#1329=EDGE_CURVE('',#1081,#1083,#199,.T.);
#1331=EDGE_CURVE('',#1080,#1081,#203,.T.);
#1333=EDGE_CURVE('',#1170,#1080,#207,.T.);
#1335=EDGE_CURVE('',#1170,#1171,#211,.T.);
#1337=EDGE_CURVE('',#1077,#1171,#215,.T.);
#1339=EDGE_CURVE('',#1075,#1077,#219,.T.);
#1341=EDGE_CURVE('',#1073,#1075,#223,.T.);
#1343=EDGE_CURVE('',#1071,#1073,#227,.T.);
#1345=EDGE_CURVE('',#1069,#1071,#231,.T.);
#1347=EDGE_CURVE('',#1067,#1069,#235,.T.);
#1349=EDGE_CURVE('',#1066,#1067,#239,.T.);
#1351=EDGE_CURVE('',#1111,#1066,#244,.T.);
#1353=EDGE_CURVE('',#1109,#1111,#248,.T.);
#1355=EDGE_CURVE('',#1108,#1109,#252,.T.);
#1357=EDGE_CURVE('',#1213,#1108,#256,.T.);
#1361=ADVANCED_FACE('',(#1360),#1298,.T.);
#1368=EDGE_CURVE('',#1213,#1203,#282,.T.);
#1370=EDGE_CURVE('',#1194,#1203,#656,.T.);
#1372=EDGE_CURVE('',#1212,#1194,#616,.T.);
#1376=ADVANCED_FACE('',(#1375),#1366,.T.);
#1382=EDGE_CURVE('',#1259,#1255,#260,.T.);
#1384=EDGE_CURVE('',#1205,#1259,#264,.T.);
#1386=EDGE_CURVE('',#1204,#1205,#272,.T.);
#1388=EDGE_CURVE('',#1203,#1204,#276,.T.);
#1392=EDGE_CURVE('',#1108,#1156,#799,.T.);
#1394=EDGE_CURVE('',#1217,#1156,#680,.T.);
#1396=EDGE_CURVE('',#1209,#1217,#288,.T.);
#1398=EDGE_CURVE('',#1207,#1209,#292,.T.);
#1400=EDGE_CURVE('',#1206,#1207,#300,.T.);
#1402=EDGE_CURVE('',#1255,#1206,#304,.T.);
#1406=ADVANCED_FACE('',(#1405),#1381,.T.);
#1412=EDGE_CURVE('',#1255,#1256,#332,.T.);
#1414=EDGE_CURVE('',#1258,#1256,#668,.T.);
#1416=EDGE_CURVE('',#1258,#1259,#648,.T.);
#1421=ADVANCED_FACE('',(#1420),#1411,.T.);
#1427=EDGE_CURVE('',#1266,#1284,#308,.T.);
#1429=EDGE_CURVE('',#1288,#1284,#522,.T.);
#1431=EDGE_CURVE('',#1293,#1288,#312,.T.);
#1433=EDGE_CURVE('',#1292,#1293,#541,.T.);
#1435=EDGE_CURVE('',#1262,#1292,#316,.T.);
#1437=EDGE_CURVE('',#1197,#1262,#571,.T.);
#1439=EDGE_CURVE('',#1254,#1197,#588,.T.);
#1441=EDGE_CURVE('',#1253,#1254,#322,.T.);
#1443=EDGE_CURVE('',#1253,#1256,#326,.T.);
#1447=EDGE_CURVE('',#1266,#1206,#580,.T.);
#1451=ADVANCED_FACE('',(#1450),#1426,.T.);
#1457=EDGE_CURVE('',#1281,#1282,#338,.T.);
#1459=EDGE_CURVE('',#1275,#1281,#342,.T.);
#1461=EDGE_CURVE('',#1274,#1275,#347,.T.);
#1463=EDGE_CURVE('',#1285,#1274,#351,.T.);
#1465=EDGE_CURVE('',#1284,#1285,#357,.T.);
#1468=EDGE_CURVE('',#1266,#1267,#576,.T.);
#1470=EDGE_CURVE('',#1267,#1282,#386,.T.);
#1474=ADVANCED_FACE('',(#1473),#1456,.T.);
#1525=EDGE_CURVE('',#1282,#1283,#369,.T.);
#1527=EDGE_CURVE('',#1283,#1279,#562,.T.);
#1529=EDGE_CURVE('',#1279,#1278,#374,.T.);
#1531=EDGE_CURVE('',#1281,#1278,#453,.T.);
#1535=ADVANCED_FACE('',(#1534),#1523,.T.);
#1541=EDGE_CURVE('',#1263,#1276,#378,.T.);
#1543=EDGE_CURVE('',#1280,#1276,#427,.T.);
#1545=EDGE_CURVE('',#1280,#1283,#382,.T.);
#1549=EDGE_CURVE('',#1267,#1207,#390,.T.);
#1552=EDGE_CURVE('',#1200,#1209,#672,.T.);
#1554=EDGE_CURVE('',#1198,#1200,#600,.T.);
#1556=EDGE_CURVE('',#1198,#1263,#394,.T.);
#1560=ADVANCED_FACE('',(#1559),#1540,.T.);
#1566=EDGE_CURVE('',#1276,#1277,#400,.T.);
#1569=EDGE_CURVE('',#1262,#1263,#567,.T.);
#1572=EDGE_CURVE('',#1291,#1292,#406,.T.);
#1574=EDGE_CURVE('',#1291,#1270,#410,.T.);
#1576=EDGE_CURVE('',#1270,#1271,#415,.T.);
#1578=EDGE_CURVE('',#1271,#1277,#419,.T.);
#1582=ADVANCED_FACE('',(#1581),#1565,.F.);
#1629=EDGE_CURVE('',#1278,#1277,#437,.T.);
#1632=EDGE_CURVE('',#1279,#1280,#551,.T.);
#1637=ADVANCED_FACE('',(#1636),#1627,.T.);
#1645=EDGE_CURVE('',#1271,#1275,#442,.T.);
#1651=ADVANCED_FACE('',(#1650),#1642,.T.);
#1657=EDGE_CURVE('',#1290,#1286,#468,.T.);
#1659=EDGE_CURVE('',#1286,#1274,#473,.T.);
#1664=EDGE_CURVE('',#1290,#1270,#478,.T.);
#1668=ADVANCED_FACE('',(#1667),#1656,.T.);
#1734=EDGE_CURVE('',#1289,#1287,#504,.T.);
#1736=EDGE_CURVE('',#1287,#1286,#515,.T.);
#1739=EDGE_CURVE('',#1289,#1290,#483,.T.);
#1743=ADVANCED_FACE('',(#1742),#1733,.T.);
#1749=EDGE_CURVE('',#1287,#1288,#489,.T.);
#1752=EDGE_CURVE('',#1293,#1289,#510,.T.);
#1757=ADVANCED_FACE('',(#1756),#1748,.T.);
#1784=EDGE_CURVE('',#1286,#1285,#528,.T.);
#1791=ADVANCED_FACE('',(#1790),#1782,.T.);
#1802=ADVANCED_FACE('',(#1801),#1796,.T.);
#1808=EDGE_CURVE('',#1291,#1290,#534,.T.);
#1814=ADVANCED_FACE('',(#1813),#1807,.T.);
#1847=ADVANCED_FACE('',(#1846),#1839,.T.);
#1858=ADVANCED_FACE('',(#1857),#1852,.T.);
#1866=EDGE_CURVE('',#1197,#1198,#596,.T.);
#1871=ADVANCED_FACE('',(#1870),#1863,.T.);
#1883=ADVANCED_FACE('',(#1882),#1876,.T.);
#1889=EDGE_CURVE('',#1254,#1250,#584,.T.);
#1894=EDGE_CURVE('',#1200,#1216,#606,.T.);
#1896=EDGE_CURVE('',#1153,#1216,#795,.T.);
#1898=EDGE_CURVE('',#1105,#1153,#610,.T.);
#1902=EDGE_CURVE('',#1194,#1195,#620,.T.);
#1904=EDGE_CURVE('',#1195,#1196,#628,.T.);
#1906=EDGE_CURVE('',#1196,#1250,#632,.T.);
#1910=ADVANCED_FACE('',(#1909),#1888,.T.);
#1916=EDGE_CURVE('',#1250,#1251,#638,.T.);
#1918=EDGE_CURVE('',#1253,#1251,#660,.T.);
#1924=ADVANCED_FACE('',(#1923),#1915,.T.);
#1932=EDGE_CURVE('',#1196,#1205,#642,.T.);
#1936=EDGE_CURVE('',#1251,#1258,#664,.T.);
#1940=ADVANCED_FACE('',(#1939),#1929,.T.);
#1947=EDGE_CURVE('',#1195,#1204,#652,.T.);
#1953=ADVANCED_FACE('',(#1952),#1945,.F.);
#1965=ADVANCED_FACE('',(#1964),#1958,.T.);
#1977=ADVANCED_FACE('',(#1976),#1970,.T.);
#1983=EDGE_CURVE('',#1216,#1217,#676,.T.);
#1990=ADVANCED_FACE('',(#1989),#1982,.F.);
#1998=EDGE_CURVE('',#1156,#1157,#684,.T.);
#2000=EDGE_CURVE('',#1157,#1159,#688,.T.);
#2002=EDGE_CURVE('',#1159,#1114,#693,.T.);
#2004=EDGE_CURVE('',#1114,#1115,#697,.T.);
#2006=EDGE_CURVE('',#1115,#1117,#701,.T.);
#2008=EDGE_CURVE('',#1117,#1119,#705,.T.);
#2010=EDGE_CURVE('',#1119,#1121,#709,.T.);
#2012=EDGE_CURVE('',#1121,#1123,#713,.T.);
#2014=EDGE_CURVE('',#1123,#1125,#717,.T.);
#2016=EDGE_CURVE('',#1125,#1175,#721,.T.);
#2018=EDGE_CURVE('',#1174,#1175,#725,.T.);
#2020=EDGE_CURVE('',#1174,#1128,#729,.T.);
#2022=EDGE_CURVE('',#1128,#1129,#733,.T.);
#2024=EDGE_CURVE('',#1129,#1131,#738,.T.);
#2026=EDGE_CURVE('',#1131,#1133,#742,.T.);
#2028=EDGE_CURVE('',#1133,#1191,#746,.T.);
#2030=EDGE_CURVE('',#1187,#1191,#750,.T.);
#2032=EDGE_CURVE('',#1187,#1136,#754,.T.);
#2034=EDGE_CURVE('',#1136,#1137,#758,.T.);
#2036=EDGE_CURVE('',#1137,#1139,#762,.T.);
#2038=EDGE_CURVE('',#1139,#1141,#766,.T.);
#2040=EDGE_CURVE('',#1141,#1143,#770,.T.);
#2042=EDGE_CURVE('',#1143,#1145,#774,.T.);
#2044=EDGE_CURVE('',#1145,#1147,#778,.T.);
#2046=EDGE_CURVE('',#1147,#1149,#783,.T.);
#2048=EDGE_CURVE('',#1149,#1151,#787,.T.);
#2050=EDGE_CURVE('',#1151,#1153,#791,.T.);
#2055=ADVANCED_FACE('',(#2054),#1995,.F.);
#2062=EDGE_CURVE('',#1109,#1157,#803,.T.);
#2068=ADVANCED_FACE('',(#2067),#2060,.T.);
#2075=EDGE_CURVE('',#1111,#1159,#807,.T.);
#2081=ADVANCED_FACE('',(#2080),#2073,.T.);
#2088=EDGE_CURVE('',#1066,#1114,#811,.T.);
#2094=ADVANCED_FACE('',(#2093),#2086,.F.);
#2101=EDGE_CURVE('',#1067,#1115,#815,.T.);
#2107=ADVANCED_FACE('',(#2106),#2099,.T.);
#2114=EDGE_CURVE('',#1069,#1117,#819,.T.);
#2120=ADVANCED_FACE('',(#2119),#2112,.T.);
#2127=EDGE_CURVE('',#1071,#1119,#823,.T.);
#2133=ADVANCED_FACE('',(#2132),#2125,.T.);
#2140=EDGE_CURVE('',#1073,#1121,#827,.T.);
#2146=ADVANCED_FACE('',(#2145),#2138,.T.);
#2153=EDGE_CURVE('',#1075,#1123,#831,.T.);
#2159=ADVANCED_FACE('',(#2158),#2151,.T.);
#2166=EDGE_CURVE('',#1077,#1125,#848,.T.);
#2172=ADVANCED_FACE('',(#2171),#2164,.T.);
#2178=EDGE_CURVE('',#1233,#1228,#835,.T.);
#2180=EDGE_CURVE('',#1166,#1233,#839,.T.);
#2182=EDGE_CURVE('',#1175,#1166,#844,.T.);
#2187=EDGE_CURVE('',#1162,#1171,#853,.T.);
#2189=EDGE_CURVE('',#1228,#1162,#857,.T.);
#2193=ADVANCED_FACE('',(#2192),#2177,.T.);
#2199=EDGE_CURVE('',#1228,#1229,#871,.T.);
#2201=EDGE_CURVE('',#1231,#1229,#1063,.T.);
#2203=EDGE_CURVE('',#1231,#1233,#885,.T.);
#2208=ADVANCED_FACE('',(#2207),#2198,.T.);
#2214=EDGE_CURVE('',#1223,#1225,#862,.T.);
#2216=EDGE_CURVE('',#1229,#1223,#866,.T.);
#2220=EDGE_CURVE('',#1162,#1163,#911,.T.);
#2222=EDGE_CURVE('',#1225,#1163,#893,.T.);
#2226=ADVANCED_FACE('',(#2225),#2213,.T.);
#2232=EDGE_CURVE('',#1220,#1221,#876,.T.);
#2234=EDGE_CURVE('',#1223,#1221,#1055,.T.);
#2237=EDGE_CURVE('',#1225,#1220,#889,.T.);
#2241=ADVANCED_FACE('',(#2240),#2231,.T.);
#2248=EDGE_CURVE('',#1167,#1220,#907,.T.);
#2250=EDGE_CURVE('',#1166,#1167,#880,.T.);
#2254=EDGE_CURVE('',#1231,#1221,#1059,.T.);
#2258=ADVANCED_FACE('',(#2257),#2246,.T.);
#2266=EDGE_CURVE('',#1163,#1170,#898,.T.);
#2269=EDGE_CURVE('',#1080,#1128,#915,.T.);
#2272=EDGE_CURVE('',#1174,#1167,#903,.T.);
#2277=ADVANCED_FACE('',(#2276),#2263,.T.);
#2289=ADVANCED_FACE('',(#2288),#2282,.T.);
#2296=EDGE_CURVE('',#1081,#1129,#919,.T.);
#2302=ADVANCED_FACE('',(#2301),#2294,.T.);
#2309=EDGE_CURVE('',#1083,#1131,#923,.T.);
#2315=ADVANCED_FACE('',(#2314),#2307,.T.);
#2322=EDGE_CURVE('',#1085,#1133,#940,.T.);
#2328=ADVANCED_FACE('',(#2327),#2320,.T.);
#2334=EDGE_CURVE('',#1249,#1244,#927,.T.);
#2336=EDGE_CURVE('',#1183,#1249,#931,.T.);
#2338=EDGE_CURVE('',#1191,#1183,#936,.T.);
#2343=EDGE_CURVE('',#1179,#1189,#945,.T.);
#2345=EDGE_CURVE('',#1244,#1179,#949,.T.);
#2349=ADVANCED_FACE('',(#2348),#2333,.T.);
#2355=EDGE_CURVE('',#1244,#1245,#963,.T.);
#2357=EDGE_CURVE('',#1247,#1245,#1051,.T.);
#2359=EDGE_CURVE('',#1247,#1249,#977,.T.);
#2364=ADVANCED_FACE('',(#2363),#2354,.T.);
#2370=EDGE_CURVE('',#1239,#1241,#954,.T.);
#2372=EDGE_CURVE('',#1239,#1245,#958,.T.);
#2376=EDGE_CURVE('',#1178,#1179,#1003,.T.);
#2378=EDGE_CURVE('',#1241,#1178,#985,.T.);
#2382=ADVANCED_FACE('',(#2381),#2369,.F.);
#2388=EDGE_CURVE('',#1236,#1237,#968,.T.);
#2390=EDGE_CURVE('',#1239,#1237,#1043,.T.);
#2393=EDGE_CURVE('',#1241,#1236,#981,.T.);
#2397=ADVANCED_FACE('',(#2396),#2387,.T.);
#2404=EDGE_CURVE('',#1182,#1236,#999,.T.);
#2406=EDGE_CURVE('',#1182,#1183,#972,.T.);
#2410=EDGE_CURVE('',#1237,#1247,#1047,.T.);
#2414=ADVANCED_FACE('',(#2413),#2402,.F.);
#2422=EDGE_CURVE('',#1178,#1185,#990,.T.);
#2425=EDGE_CURVE('',#1088,#1136,#1007,.T.);
#2428=EDGE_CURVE('',#1187,#1182,#995,.T.);
#2433=ADVANCED_FACE('',(#2432),#2419,.T.);
#2445=ADVANCED_FACE('',(#2444),#2438,.T.);
#2452=EDGE_CURVE('',#1089,#1137,#1011,.T.);
#2458=ADVANCED_FACE('',(#2457),#2450,.T.);
#2465=EDGE_CURVE('',#1091,#1139,#1015,.T.);
#2471=ADVANCED_FACE('',(#2470),#2463,.T.);
#2478=EDGE_CURVE('',#1093,#1141,#1019,.T.);
#2484=ADVANCED_FACE('',(#2483),#2476,.T.);
#2491=EDGE_CURVE('',#1095,#1143,#1023,.T.);
#2497=ADVANCED_FACE('',(#2496),#2489,.T.);
#2504=EDGE_CURVE('',#1097,#1145,#1027,.T.);
#2510=ADVANCED_FACE('',(#2509),#2502,.T.);
#2517=EDGE_CURVE('',#1099,#1147,#1031,.T.);
#2523=ADVANCED_FACE('',(#2522),#2515,.T.);
#2530=EDGE_CURVE('',#1101,#1149,#1035,.T.);
#2536=ADVANCED_FACE('',(#2535),#2528,.F.);
#2543=EDGE_CURVE('',#1103,#1151,#1039,.T.);
#2549=ADVANCED_FACE('',(#2548),#2541,.T.);
#2561=ADVANCED_FACE('',(#2560),#2554,.T.);
#2573=ADVANCED_FACE('',(#2572),#2566,.F.);
#2585=ADVANCED_FACE('',(#2584),#2578,.F.);
#2597=ADVANCED_FACE('',(#2596),#2590,.F.);
#2609=ADVANCED_FACE('',(#2608),#2602,.T.);
#2612=(LENGTH_UNIT()NAMED_UNIT(*)SI_UNIT(.MILLI.,.METRE.));
#2613=(NAMED_UNIT(*)PLANE_ANGLE_UNIT()SI_UNIT($,.RADIAN.));
#2616=(NAMED_UNIT(*)SI_UNIT($,.STERADIAN.)SOLID_ANGLE_UNIT());
#2618=(GEOMETRIC_REPRESENTATION_CONTEXT(3)GLOBAL_UNCERTAINTY_ASSIGNED_CONTEXT((
#2617))GLOBAL_UNIT_ASSIGNED_CONTEXT((#2612,#2615,#2616))REPRESENTATION_CONTEXT(
'ID1','3'));
#2619=ADVANCED_BREP_SHAPE_REPRESENTATION('',(#2611),#2618);
#2626=PRODUCT_DEFINITION('part definition','',#2625,#2622);
#2627=PRODUCT_DEFINITION_SHAPE('','SHAPE FOR C-2199248-6.',#2626);
#2628=SHAPE_ASPECT('','solid data associated with C-2199248-6',#2627,.F.);
#2629=PROPERTY_DEFINITION('',
'shape for solid data with which properties are associated',#2628);
#2630=SHAPE_REPRESENTATION('',(#2611),#2618);
#2631=SHAPE_DEFINITION_REPRESENTATION(#2629,#2630);
#2632=(LENGTH_UNIT()NAMED_UNIT(*)SI_UNIT(.MILLI.,.METRE.));
#2636=PROPERTY_DEFINITION('geometric validation property','area of C-2199248-6',
#2628);
#2637=REPRESENTATION('surface area',(#2635),#2618);
#2638=PROPERTY_DEFINITION_REPRESENTATION(#2636,#2637);
#2639=(LENGTH_UNIT()NAMED_UNIT(*)SI_UNIT(.MILLI.,.METRE.));
#2643=PROPERTY_DEFINITION('geometric validation property',
'volume of C-2199248-6',#2628);
#2644=REPRESENTATION('volume',(#2642),#2618);
#2645=PROPERTY_DEFINITION_REPRESENTATION(#2643,#2644);
#2647=PROPERTY_DEFINITION('geometric validation property',
'centroid of C-2199248-6',#2628);
#2648=REPRESENTATION('centroid',(#2646),#2618);
#2649=PROPERTY_DEFINITION_REPRESENTATION(#2647,#2648);
#2650=(LENGTH_UNIT()NAMED_UNIT(*)SI_UNIT(.MILLI.,.METRE.));
#2654=PROPERTY_DEFINITION('geometric validation property','area of C-2199248-6',
#2627);
#2655=REPRESENTATION('surface area',(#2653),#2618);
#2656=PROPERTY_DEFINITION_REPRESENTATION(#2654,#2655);
#2657=(LENGTH_UNIT()NAMED_UNIT(*)SI_UNIT(.MILLI.,.METRE.));
#2661=PROPERTY_DEFINITION('geometric validation property',
'volume of C-2199248-6',#2627);
#2662=REPRESENTATION('volume',(#2660),#2618);
#2663=PROPERTY_DEFINITION_REPRESENTATION(#2661,#2662);
#2665=PROPERTY_DEFINITION('geometric validation property',
'centroid of C-2199248-6',#2627);
#2666=REPRESENTATION('centroid',(#2664),#2618);
#2667=PROPERTY_DEFINITION_REPRESENTATION(#2665,#2666);
#2668=SHAPE_DEFINITION_REPRESENTATION(#2627,#2619);
ENDSEC;
END-ISO-10303-21;
